station_id,station_name,year,month,month_total
40900,Howard,2024,1,76756
41190,Jarvis,2024,1,24312
40100,Morse,2024,1,60575
41300,Loyola,2024,1,72389
40760,Granville,2024,1,53787
40880,Thorndale,2024,1,44290
41380,Bryn Mawr,2024,1,38909
40340,Berwyn,2024,1,0
41200,Argyle,2024,1,60545
40770,Lawrence,2024,1,0
40540,Wilson,2024,1,124648
40080,Sheridan,2024,1,60686
41420,Addison-North Main,2024,1,92856
41320,Belmont-North Main,2024,1,156784
41220,Fullerton,2024,1,187698
40650,North/Clybourn,2024,1,74109
40630,Clark/Division,2024,1,111421
41450,Chicago/State,2024,1,166851
40330,Grand/State,2024,1,125944
41660,Lake/State,2024,1,218006
41090,Monroe/State,2024,1,83094
40560,Jackson/State,2024,1,97707
41490,Harrison,2024,1,47391
41400,Roosevelt,2024,1,148327
41000,Cermak-Chinatown,2024,1,59274
40190,Sox-35th-Dan Ryan,2024,1,43786
41230,47th-Dan Ryan,2024,1,35956
41170,Garfield-Dan Ryan,2024,1,40055
40910,63rd-Dan Ryan,2024,1,32955
40990,69th,2024,1,59477
40240,79th,2024,1,74724
41430,87th,2024,1,42804
40450,95th/Dan Ryan,2024,1,106808
41050,Linden,2024,1,9235
41250,Central-Evanston,2024,1,9913
40400,Noyes,2024,1,12601
40520,Foster,2024,1,9658
40050,Davis,2024,1,39228
40690,Dempster,2024,1,10294
40270,Main,2024,1,13334
40840,South Boulevard,2024,1,8430
40140,Dempster-Skokie,2024,1,13022
41680,Oakton-Skokie,2024,1,7997
40890,O'Hare Airport,2024,1,182536
40820,Rosemont,2024,1,76205
40230,Cumberland,2024,1,39979
40750,Harlem-O'Hare,2024,1,34976
41280,Jefferson Park,2024,1,94956
41330,Montrose-O'Hare,2024,1,31551
40550,Irving Park-O'Hare,2024,1,55178
41240,Addison-O'Hare,2024,1,34952
40060,Belmont-O'Hare,2024,1,73182
41020,Logan Square,2024,1,90611
40570,California/Milwaukee,2024,1,66434
40670,Western/Milwaukee,2024,1,67558
40590,Damen/Milwaukee,2024,1,74636
40320,Division/Milwaukee,2024,1,80400
41410,Chicago/Milwaukee,2024,1,51238
40490,Grand/Milwaukee,2024,1,41900
40370,Washington/Dearborn,2024,1,141840
40790,Monroe/Dearborn,2024,1,73962
40070,Jackson/Dearborn,2024,1,77634
41340,LaSalle,2024,1,35869
40430,Clinton-Forest Park,2024,1,36964
40350,UIC-Halsted,2024,1,76488
40470,Racine,2024,1,15166
40810,Medical Center,2024,1,29956
40220,Western-Forest Park,2024,1,13893
40250,Kedzie-Homan-Forest Park,2024,1,21674
40920,Pulaski-Forest Park,2024,1,17324
40970,Cicero-Forest Park,2024,1,14148
40010,Austin-Forest Park,2024,1,14141
40180,Oak Park-Forest Park,2024,1,11712
40980,Harlem-Forest Park,2024,1,8588
40390,Forest Park,2024,1,27774
41030,Polk,2024,1,48715
40830,18th,2024,1,28555
40210,Damen-Cermak,2024,1,24565
40740,Western-Cermak,2024,1,20343
40440,California-Cermak,2024,1,23899
41040,Kedzie-Cermak,2024,1,18702
40780,Central Park,2024,1,17136
40150,Pulaski-Cermak,2024,1,18426
40600,Kostner,2024,1,7324
40420,Cicero-Cermak,2024,1,19928
40580,54th/Cermak,2024,1,36160
40020,Harlem-Lake,2024,1,44217
41350,Oak Park-Lake,2024,1,15664
40610,Ridgeland,2024,1,14803
41260,Austin-Lake,2024,1,21558
40280,Central-Lake,2024,1,28880
40700,Laramie,2024,1,14958
40480,Cicero-Lake,2024,1,15645
40030,Pulaski-Lake,2024,1,21096
41670,Conservatory,2024,1,13059
41070,Kedzie-Lake,2024,1,16066
41360,California-Lake,2024,1,15833
40170,Ashland-Lake,2024,1,45130
41510,Morgan-Lake,2024,1,69394
41160,Clinton-Lake,2024,1,56466
41690,Cermak-McCormick Place,2024,1,24886
41120,35-Bronzeville-IIT,2024,1,23093
40300,Indiana,2024,1,8984
41270,43rd,2024,1,12166
41080,47th-South Elevated,2024,1,12489
40130,51st,2024,1,12395
40510,Garfield-South Elevated,2024,1,14601
41140,King Drive,2024,1,6367
40720,East 63rd-Cottage Grove,2024,1,13754
40940,Halsted/63rd,2024,1,6912
40290,Ashland/63rd,2024,1,13441
41290,Kimball,2024,1,60631
41180,Kedzie-Brown,2024,1,29440
40870,Francisco,2024,1,19947
41010,Rockwell,2024,1,21066
41480,Western-Brown,2024,1,51000
40090,Damen-Brown,2024,1,35261
41500,Montrose-Brown,2024,1,31653
41460,Irving Park-Brown,2024,1,36115
41440,Addison-Brown,2024,1,27047
41310,Paulina,2024,1,38351
40360,Southport,2024,1,48188
41210,Wellington,2024,1,40019
40530,Diversey,2024,1,70244
40660,Armitage,2024,1,60071
40800,Sedgwick,2024,1,53322
40710,Chicago/Franklin,2024,1,84210
40460,Merchandise Mart,2024,1,82203
40930,Midway Airport,2024,1,100810
40960,Pulaski-Orange,2024,1,64830
41150,Kedzie-Midway,2024,1,47456
40310,Western-Orange,2024,1,51416
40120,35th/Archer,2024,1,36582
41060,Ashland-Orange,2024,1,24857
41130,Halsted-Orange,2024,1,38695
40730,Washington/Wells,2024,1,95964
40040,Quincy/Wells,2024,1,90625
40160,LaSalle/Van Buren,2024,1,35338
40850,Library,2024,1,54997
40680,Adams/Wabash,2024,1,89047
41700,Washington/Wabash,2024,1,140132
40260,State/Lake,2024,1,155856
40380,Clark/Lake,2024,1,173586
40900,Howard,2024,2,78160
41190,Jarvis,2024,2,25135
40100,Morse,2024,2,63136
41300,Loyola,2024,2,87636
40760,Granville,2024,2,63303
40880,Thorndale,2024,2,46416
41380,Bryn Mawr,2024,2,41255
40340,Berwyn,2024,2,0
41200,Argyle,2024,2,66374
40770,Lawrence,2024,2,0
40540,Wilson,2024,2,135861
40080,Sheridan,2024,2,63927
41420,Addison-North Main,2024,2,99307
41320,Belmont-North Main,2024,2,170176
41220,Fullerton,2024,2,213526
40650,North/Clybourn,2024,2,76976
40630,Clark/Division,2024,2,115888
41450,Chicago/State,2024,2,177093
40330,Grand/State,2024,2,130764
41660,Lake/State,2024,2,226468
41090,Monroe/State,2024,2,90787
40560,Jackson/State,2024,2,107418
41490,Harrison,2024,2,57145
41400,Roosevelt,2024,2,164262
41000,Cermak-Chinatown,2024,2,75626
40190,Sox-35th-Dan Ryan,2024,2,47938
41230,47th-Dan Ryan,2024,2,37145
41170,Garfield-Dan Ryan,2024,2,42512
40910,63rd-Dan Ryan,2024,2,35424
40990,69th,2024,2,63527
40240,79th,2024,2,79329
41430,87th,2024,2,47071
40450,95th/Dan Ryan,2024,2,113342
41050,Linden,2024,2,10512
41250,Central-Evanston,2024,2,10176
40400,Noyes,2024,2,13200
40520,Foster,2024,2,10418
40050,Davis,2024,2,42214
40690,Dempster,2024,2,11209
40270,Main,2024,2,13922
40840,South Boulevard,2024,2,8826
40140,Dempster-Skokie,2024,2,17088
41680,Oakton-Skokie,2024,2,10093
40890,O'Hare Airport,2024,2,179695
40820,Rosemont,2024,2,82424
40230,Cumberland,2024,2,43621
40750,Harlem-O'Hare,2024,2,37350
41280,Jefferson Park,2024,2,100676
41330,Montrose-O'Hare,2024,2,34358
40550,Irving Park-O'Hare,2024,2,57906
41240,Addison-O'Hare,2024,2,38245
40060,Belmont-O'Hare,2024,2,78521
41020,Logan Square,2024,2,97718
40570,California/Milwaukee,2024,2,73018
40670,Western/Milwaukee,2024,2,73455
40590,Damen/Milwaukee,2024,2,83523
40320,Division/Milwaukee,2024,2,88308
41410,Chicago/Milwaukee,2024,2,56346
40490,Grand/Milwaukee,2024,2,43704
40370,Washington/Dearborn,2024,2,154129
40790,Monroe/Dearborn,2024,2,83895
40070,Jackson/Dearborn,2024,2,82102
41340,LaSalle,2024,2,41397
40430,Clinton-Forest Park,2024,2,38512
40350,UIC-Halsted,2024,2,92894
40470,Racine,2024,2,17416
40810,Medical Center,2024,2,33494
40220,Western-Forest Park,2024,2,15994
40250,Kedzie-Homan-Forest Park,2024,2,22089
40920,Pulaski-Forest Park,2024,2,17625
40970,Cicero-Forest Park,2024,2,15358
40010,Austin-Forest Park,2024,2,15480
40180,Oak Park-Forest Park,2024,2,13290
40980,Harlem-Forest Park,2024,2,9070
40390,Forest Park,2024,2,30109
41030,Polk,2024,2,51807
40830,18th,2024,2,31709
40210,Damen-Cermak,2024,2,27062
40740,Western-Cermak,2024,2,22828
40440,California-Cermak,2024,2,26654
41040,Kedzie-Cermak,2024,2,19824
40780,Central Park,2024,2,18483
40150,Pulaski-Cermak,2024,2,19466
40600,Kostner,2024,2,7682
40420,Cicero-Cermak,2024,2,21915
40580,54th/Cermak,2024,2,40091
40020,Harlem-Lake,2024,2,48242
41350,Oak Park-Lake,2024,2,17763
40610,Ridgeland,2024,2,15989
41260,Austin-Lake,2024,2,23556
40280,Central-Lake,2024,2,31669
40700,Laramie,2024,2,17048
40480,Cicero-Lake,2024,2,18181
40030,Pulaski-Lake,2024,2,22280
41670,Conservatory,2024,2,14153
41070,Kedzie-Lake,2024,2,18094
41360,California-Lake,2024,2,17348
40170,Ashland-Lake,2024,2,52501
41510,Morgan-Lake,2024,2,74858
41160,Clinton-Lake,2024,2,60383
41690,Cermak-McCormick Place,2024,2,29968
41120,35-Bronzeville-IIT,2024,2,26426
40300,Indiana,2024,2,9847
41270,43rd,2024,2,13232
41080,47th-South Elevated,2024,2,13496
40130,51st,2024,2,13241
40510,Garfield-South Elevated,2024,2,16176
41140,King Drive,2024,2,7219
40720,East 63rd-Cottage Grove,2024,2,14818
40940,Halsted/63rd,2024,2,8208
40290,Ashland/63rd,2024,2,14728
41290,Kimball,2024,2,65748
41180,Kedzie-Brown,2024,2,31521
40870,Francisco,2024,2,21834
41010,Rockwell,2024,2,22648
41480,Western-Brown,2024,2,54825
40090,Damen-Brown,2024,2,38353
41500,Montrose-Brown,2024,2,34421
41460,Irving Park-Brown,2024,2,39269
41440,Addison-Brown,2024,2,29164
41310,Paulina,2024,2,40899
40360,Southport,2024,2,52180
41210,Wellington,2024,2,42689
40530,Diversey,2024,2,74744
40660,Armitage,2024,2,66233
40800,Sedgwick,2024,2,57731
40710,Chicago/Franklin,2024,2,90466
40460,Merchandise Mart,2024,2,86920
40930,Midway Airport,2024,2,111288
40960,Pulaski-Orange,2024,2,75141
41150,Kedzie-Midway,2024,2,54698
40310,Western-Orange,2024,2,57546
40120,35th/Archer,2024,2,41344
41060,Ashland-Orange,2024,2,27724
41130,Halsted-Orange,2024,2,45395
40730,Washington/Wells,2024,2,99119
40040,Quincy/Wells,2024,2,97622
40160,LaSalle/Van Buren,2024,2,36818
40850,Library,2024,2,63315
40680,Adams/Wabash,2024,2,104868
41700,Washington/Wabash,2024,2,155607
40260,State/Lake,2024,2,175639
40380,Clark/Lake,2024,2,186316
40900,Howard,2024,3,80990
41190,Jarvis,2024,3,25563
40100,Morse,2024,3,65849
41300,Loyola,2024,3,86346
40760,Granville,2024,3,62299
40880,Thorndale,2024,3,47176
41380,Bryn Mawr,2024,3,42044
40340,Berwyn,2024,3,0
41200,Argyle,2024,3,68853
40770,Lawrence,2024,3,0
40540,Wilson,2024,3,141227
40080,Sheridan,2024,3,66600
41420,Addison-North Main,2024,3,119697
41320,Belmont-North Main,2024,3,186821
41220,Fullerton,2024,3,200521
40650,North/Clybourn,2024,3,81796
40630,Clark/Division,2024,3,127209
41450,Chicago/State,2024,3,194295
40330,Grand/State,2024,3,177387
41660,Lake/State,2024,3,268796
41090,Monroe/State,2024,3,100809
40560,Jackson/State,2024,3,102974
41490,Harrison,2024,3,63451
41400,Roosevelt,2024,3,191867
41000,Cermak-Chinatown,2024,3,88046
40190,Sox-35th-Dan Ryan,2024,3,58604
41230,47th-Dan Ryan,2024,3,38636
41170,Garfield-Dan Ryan,2024,3,44978
40910,63rd-Dan Ryan,2024,3,36357
40990,69th,2024,3,64877
40240,79th,2024,3,81911
41430,87th,2024,3,48267
40450,95th/Dan Ryan,2024,3,117277
41050,Linden,2024,3,11125
41250,Central-Evanston,2024,3,10238
40400,Noyes,2024,3,12358
40520,Foster,2024,3,10424
40050,Davis,2024,3,43748
40690,Dempster,2024,3,11517
40270,Main,2024,3,14425
40840,South Boulevard,2024,3,9350
40140,Dempster-Skokie,2024,3,17656
41680,Oakton-Skokie,2024,3,9961
40890,O'Hare Airport,2024,3,224210
40820,Rosemont,2024,3,91329
40230,Cumberland,2024,3,49078
40750,Harlem-O'Hare,2024,3,37400
41280,Jefferson Park,2024,3,108524
41330,Montrose-O'Hare,2024,3,36863
40550,Irving Park-O'Hare,2024,3,64179
41240,Addison-O'Hare,2024,3,40800
40060,Belmont-O'Hare,2024,3,82506
41020,Logan Square,2024,3,105116
40570,California/Milwaukee,2024,3,79580
40670,Western/Milwaukee,2024,3,79657
40590,Damen/Milwaukee,2024,3,96600
40320,Division/Milwaukee,2024,3,96421
41410,Chicago/Milwaukee,2024,3,60838
40490,Grand/Milwaukee,2024,3,50584
40370,Washington/Dearborn,2024,3,183482
40790,Monroe/Dearborn,2024,3,91227
40070,Jackson/Dearborn,2024,3,86956
41340,LaSalle,2024,3,44831
40430,Clinton-Forest Park,2024,3,42507
40350,UIC-Halsted,2024,3,83310
40470,Racine,2024,3,18639
40810,Medical Center,2024,3,35482
40220,Western-Forest Park,2024,3,17079
40250,Kedzie-Homan-Forest Park,2024,3,23137
40920,Pulaski-Forest Park,2024,3,18623
40970,Cicero-Forest Park,2024,3,16498
40010,Austin-Forest Park,2024,3,15562
40180,Oak Park-Forest Park,2024,3,13659
40980,Harlem-Forest Park,2024,3,9962
40390,Forest Park,2024,3,31372
41030,Polk,2024,3,51811
40830,18th,2024,3,35573
40210,Damen-Cermak,2024,3,28639
40740,Western-Cermak,2024,3,23543
40440,California-Cermak,2024,3,27291
41040,Kedzie-Cermak,2024,3,20812
40780,Central Park,2024,3,19185
40150,Pulaski-Cermak,2024,3,20746
40600,Kostner,2024,3,7923
40420,Cicero-Cermak,2024,3,23282
40580,54th/Cermak,2024,3,42571
40020,Harlem-Lake,2024,3,51847
41350,Oak Park-Lake,2024,3,19189
40610,Ridgeland,2024,3,16308
41260,Austin-Lake,2024,3,24588
40280,Central-Lake,2024,3,33394
40700,Laramie,2024,3,16997
40480,Cicero-Lake,2024,3,19199
40030,Pulaski-Lake,2024,3,23016
41670,Conservatory,2024,3,16796
41070,Kedzie-Lake,2024,3,17619
41360,California-Lake,2024,3,18485
40170,Ashland-Lake,2024,3,55950
41510,Morgan-Lake,2024,3,86123
41160,Clinton-Lake,2024,3,63540
41690,Cermak-McCormick Place,2024,3,28581
41120,35-Bronzeville-IIT,2024,3,24952
40300,Indiana,2024,3,10023
41270,43rd,2024,3,13425
41080,47th-South Elevated,2024,3,14063
40130,51st,2024,3,13798
40510,Garfield-South Elevated,2024,3,16914
41140,King Drive,2024,3,6947
40720,East 63rd-Cottage Grove,2024,3,15430
40940,Halsted/63rd,2024,3,8108
40290,Ashland/63rd,2024,3,15602
41290,Kimball,2024,3,69952
41180,Kedzie-Brown,2024,3,33317
40870,Francisco,2024,3,22777
41010,Rockwell,2024,3,23467
41480,Western-Brown,2024,3,57590
40090,Damen-Brown,2024,3,40814
41500,Montrose-Brown,2024,3,36559
41460,Irving Park-Brown,2024,3,40962
41440,Addison-Brown,2024,3,30579
41310,Paulina,2024,3,43020
40360,Southport,2024,3,56070
41210,Wellington,2024,3,45786
40530,Diversey,2024,3,78689
40660,Armitage,2024,3,69609
40800,Sedgwick,2024,3,63962
40710,Chicago/Franklin,2024,3,101276
40460,Merchandise Mart,2024,3,103164
40930,Midway Airport,2024,3,125669
40960,Pulaski-Orange,2024,3,75441
41150,Kedzie-Midway,2024,3,54931
40310,Western-Orange,2024,3,59988
40120,35th/Archer,2024,3,43603
41060,Ashland-Orange,2024,3,28793
41130,Halsted-Orange,2024,3,44544
40730,Washington/Wells,2024,3,100943
40040,Quincy/Wells,2024,3,104201
40160,LaSalle/Van Buren,2024,3,38945
40850,Library,2024,3,65836
40680,Adams/Wabash,2024,3,109216
41700,Washington/Wabash,2024,3,174633
40260,State/Lake,2024,3,210960
40380,Clark/Lake,2024,3,220504
40900,Howard,2024,4,84082
41190,Jarvis,2024,4,25973
40100,Morse,2024,4,65150
41300,Loyola,2024,4,87520
40760,Granville,2024,4,63754
40880,Thorndale,2024,4,49453
41380,Bryn Mawr,2024,4,43490
40340,Berwyn,2024,4,0
41200,Argyle,2024,4,70221
40770,Lawrence,2024,4,0
40540,Wilson,2024,4,145619
40080,Sheridan,2024,4,68484
41420,Addison-North Main,2024,4,175995
41320,Belmont-North Main,2024,4,183736
41220,Fullerton,2024,4,235196
40650,North/Clybourn,2024,4,85186
40630,Clark/Division,2024,4,129295
41450,Chicago/State,2024,4,202389
40330,Grand/State,2024,4,167514
41660,Lake/State,2024,4,266538
41090,Monroe/State,2024,4,102257
40560,Jackson/State,2024,4,118798
41490,Harrison,2024,4,65160
41400,Roosevelt,2024,4,185265
41000,Cermak-Chinatown,2024,4,83983
40190,Sox-35th-Dan Ryan,2024,4,70901
41230,47th-Dan Ryan,2024,4,42260
41170,Garfield-Dan Ryan,2024,4,46633
40910,63rd-Dan Ryan,2024,4,38848
40990,69th,2024,4,67153
40240,79th,2024,4,86385
41430,87th,2024,4,47689
40450,95th/Dan Ryan,2024,4,122533
41050,Linden,2024,4,13156
41250,Central-Evanston,2024,4,10233
40400,Noyes,2024,4,13284
40520,Foster,2024,4,12212
40050,Davis,2024,4,45769
40690,Dempster,2024,4,11604
40270,Main,2024,4,15073
40840,South Boulevard,2024,4,9697
40140,Dempster-Skokie,2024,4,21829
41680,Oakton-Skokie,2024,4,11146
40890,O'Hare Airport,2024,4,238309
40820,Rosemont,2024,4,98361
40230,Cumberland,2024,4,52105
40750,Harlem-O'Hare,2024,4,38520
41280,Jefferson Park,2024,4,112553
41330,Montrose-O'Hare,2024,4,38449
40550,Irving Park-O'Hare,2024,4,66266
41240,Addison-O'Hare,2024,4,43914
40060,Belmont-O'Hare,2024,4,85001
41020,Logan Square,2024,4,107616
40570,California/Milwaukee,2024,4,81546
40670,Western/Milwaukee,2024,4,80682
40590,Damen/Milwaukee,2024,4,96680
40320,Division/Milwaukee,2024,4,98243
41410,Chicago/Milwaukee,2024,4,63750
40490,Grand/Milwaukee,2024,4,50468
40370,Washington/Dearborn,2024,4,184600
40790,Monroe/Dearborn,2024,4,96207
40070,Jackson/Dearborn,2024,4,90932
41340,LaSalle,2024,4,46781
40430,Clinton-Forest Park,2024,4,45616
40350,UIC-Halsted,2024,4,93459
40470,Racine,2024,4,19320
40810,Medical Center,2024,4,35544
40220,Western-Forest Park,2024,4,17295
40250,Kedzie-Homan-Forest Park,2024,4,24182
40920,Pulaski-Forest Park,2024,4,19485
40970,Cicero-Forest Park,2024,4,16262
40010,Austin-Forest Park,2024,4,16953
40180,Oak Park-Forest Park,2024,4,15112
40980,Harlem-Forest Park,2024,4,10276
40390,Forest Park,2024,4,32418
41030,Polk,2024,4,54766
40830,18th,2024,4,35527
40210,Damen-Cermak,2024,4,28587
40740,Western-Cermak,2024,4,24248
40440,California-Cermak,2024,4,28323
41040,Kedzie-Cermak,2024,4,21671
40780,Central Park,2024,4,20077
40150,Pulaski-Cermak,2024,4,20697
40600,Kostner,2024,4,7967
40420,Cicero-Cermak,2024,4,24035
40580,54th/Cermak,2024,4,43313
40020,Harlem-Lake,2024,4,52321
41350,Oak Park-Lake,2024,4,20063
40610,Ridgeland,2024,4,17208
41260,Austin-Lake,2024,4,25095
40280,Central-Lake,2024,4,33581
40700,Laramie,2024,4,16500
40480,Cicero-Lake,2024,4,19839
40030,Pulaski-Lake,2024,4,24297
41670,Conservatory,2024,4,16217
41070,Kedzie-Lake,2024,4,18387
41360,California-Lake,2024,4,19859
40170,Ashland-Lake,2024,4,56496
41510,Morgan-Lake,2024,4,82148
41160,Clinton-Lake,2024,4,64942
41690,Cermak-McCormick Place,2024,4,32087
41120,35-Bronzeville-IIT,2024,4,26164
40300,Indiana,2024,4,9852
41270,43rd,2024,4,13299
41080,47th-South Elevated,2024,4,14777
40130,51st,2024,4,13790
40510,Garfield-South Elevated,2024,4,17655
41140,King Drive,2024,4,6966
40720,East 63rd-Cottage Grove,2024,4,15594
40940,Halsted/63rd,2024,4,8421
40290,Ashland/63rd,2024,4,15663
41290,Kimball,2024,4,72761
41180,Kedzie-Brown,2024,4,34526
40870,Francisco,2024,4,23870
41010,Rockwell,2024,4,24551
41480,Western-Brown,2024,4,58960
40090,Damen-Brown,2024,4,40754
41500,Montrose-Brown,2024,4,37551
41460,Irving Park-Brown,2024,4,41860
41440,Addison-Brown,2024,4,30782
41310,Paulina,2024,4,43007
40360,Southport,2024,4,58206
41210,Wellington,2024,4,46376
40530,Diversey,2024,4,79066
40660,Armitage,2024,4,71225
40800,Sedgwick,2024,4,64549
40710,Chicago/Franklin,2024,4,101327
40460,Merchandise Mart,2024,4,98376
40930,Midway Airport,2024,4,131294
40960,Pulaski-Orange,2024,4,80550
41150,Kedzie-Midway,2024,4,58959
40310,Western-Orange,2024,4,62850
40120,35th/Archer,2024,4,45839
41060,Ashland-Orange,2024,4,29424
41130,Halsted-Orange,2024,4,45920
40730,Washington/Wells,2024,4,106516
40040,Quincy/Wells,2024,4,111664
40160,LaSalle/Van Buren,2024,4,40802
40850,Library,2024,4,69514
40680,Adams/Wabash,2024,4,117045
41700,Washington/Wabash,2024,4,172289
40260,State/Lake,2024,4,202653
40380,Clark/Lake,2024,4,211531
40900,Howard,2024,5,90466
41190,Jarvis,2024,5,28677
40100,Morse,2024,5,70551
41300,Loyola,2024,5,76954
40760,Granville,2024,5,58445
40880,Thorndale,2024,5,53532
41380,Bryn Mawr,2024,5,46384
40340,Berwyn,2024,5,0
41200,Argyle,2024,5,76475
40770,Lawrence,2024,5,0
40540,Wilson,2024,5,154881
40080,Sheridan,2024,5,74521
41420,Addison-North Main,2024,5,208860
41320,Belmont-North Main,2024,5,202170
41220,Fullerton,2024,5,246162
40650,North/Clybourn,2024,5,93994
40630,Clark/Division,2024,5,141475
41450,Chicago/State,2024,5,208403
40330,Grand/State,2024,5,191022
41660,Lake/State,2024,5,295948
41090,Monroe/State,2024,5,107546
40560,Jackson/State,2024,5,120369
41490,Harrison,2024,5,71600
41400,Roosevelt,2024,5,207468
41000,Cermak-Chinatown,2024,5,102150
40190,Sox-35th-Dan Ryan,2024,5,76989
41230,47th-Dan Ryan,2024,5,44427
41170,Garfield-Dan Ryan,2024,5,51367
40910,63rd-Dan Ryan,2024,5,42195
40990,69th,2024,5,72771
40240,79th,2024,5,92996
41430,87th,2024,5,51661
40450,95th/Dan Ryan,2024,5,128081
41050,Linden,2024,5,17196
41250,Central-Evanston,2024,5,10696
40400,Noyes,2024,5,14472
40520,Foster,2024,5,13765
40050,Davis,2024,5,48750
40690,Dempster,2024,5,12165
40270,Main,2024,5,16132
40840,South Boulevard,2024,5,10472
40140,Dempster-Skokie,2024,5,25346
41680,Oakton-Skokie,2024,5,11421
40890,O'Hare Airport,2024,5,291576
40820,Rosemont,2024,5,111995
40230,Cumberland,2024,5,59553
40750,Harlem-O'Hare,2024,5,41047
41280,Jefferson Park,2024,5,120374
41330,Montrose-O'Hare,2024,5,41468
40550,Irving Park-O'Hare,2024,5,72592
41240,Addison-O'Hare,2024,5,49949
40060,Belmont-O'Hare,2024,5,91698
41020,Logan Square,2024,5,115200
40570,California/Milwaukee,2024,5,88838
40670,Western/Milwaukee,2024,5,88490
40590,Damen/Milwaukee,2024,5,107427
40320,Division/Milwaukee,2024,5,108165
41410,Chicago/Milwaukee,2024,5,72540
40490,Grand/Milwaukee,2024,5,59035
40370,Washington/Dearborn,2024,5,210988
40790,Monroe/Dearborn,2024,5,98392
40070,Jackson/Dearborn,2024,5,94490
41340,LaSalle,2024,5,46469
40430,Clinton-Forest Park,2024,5,49235
40350,UIC-Halsted,2024,5,53225
40470,Racine,2024,5,21636
40810,Medical Center,2024,5,33868
40220,Western-Forest Park,2024,5,18395
40250,Kedzie-Homan-Forest Park,2024,5,25719
40920,Pulaski-Forest Park,2024,5,20555
40970,Cicero-Forest Park,2024,5,16943
40010,Austin-Forest Park,2024,5,17239
40180,Oak Park-Forest Park,2024,5,15201
40980,Harlem-Forest Park,2024,5,10866
40390,Forest Park,2024,5,33075
41030,Polk,2024,5,52261
40830,18th,2024,5,39951
40210,Damen-Cermak,2024,5,32005
40740,Western-Cermak,2024,5,26294
40440,California-Cermak,2024,5,30504
41040,Kedzie-Cermak,2024,5,23504
40780,Central Park,2024,5,22406
40150,Pulaski-Cermak,2024,5,22051
40600,Kostner,2024,5,8363
40420,Cicero-Cermak,2024,5,26080
40580,54th/Cermak,2024,5,45482
40020,Harlem-Lake,2024,5,55823
41350,Oak Park-Lake,2024,5,21993
40610,Ridgeland,2024,5,18756
41260,Austin-Lake,2024,5,26397
40280,Central-Lake,2024,5,34553
40700,Laramie,2024,5,17250
40480,Cicero-Lake,2024,5,21842
40030,Pulaski-Lake,2024,5,25981
41670,Conservatory,2024,5,17928
41070,Kedzie-Lake,2024,5,19456
41360,California-Lake,2024,5,19507
40170,Ashland-Lake,2024,5,56672
41510,Morgan-Lake,2024,5,91419
41160,Clinton-Lake,2024,5,67773
41690,Cermak-McCormick Place,2024,5,38937
41120,35-Bronzeville-IIT,2024,5,23284
40300,Indiana,2024,5,10937
41270,43rd,2024,5,14764
41080,47th-South Elevated,2024,5,16645
40130,51st,2024,5,15002
40510,Garfield-South Elevated,2024,5,19234
41140,King Drive,2024,5,7256
40720,East 63rd-Cottage Grove,2024,5,16126
40940,Halsted/63rd,2024,5,8876
40290,Ashland/63rd,2024,5,16884
41290,Kimball,2024,5,77487
41180,Kedzie-Brown,2024,5,37689
40870,Francisco,2024,5,27069
41010,Rockwell,2024,5,26600
41480,Western-Brown,2024,5,62664
40090,Damen-Brown,2024,5,45967
41500,Montrose-Brown,2024,5,40124
41460,Irving Park-Brown,2024,5,45556
41440,Addison-Brown,2024,5,34409
41310,Paulina,2024,5,47304
40360,Southport,2024,5,64030
41210,Wellington,2024,5,49609
40530,Diversey,2024,5,84337
40660,Armitage,2024,5,81676
40800,Sedgwick,2024,5,74342
40710,Chicago/Franklin,2024,5,112650
40460,Merchandise Mart,2024,5,106447
40930,Midway Airport,2024,5,145147
40960,Pulaski-Orange,2024,5,85904
41150,Kedzie-Midway,2024,5,61761
40310,Western-Orange,2024,5,65575
40120,35th/Archer,2024,5,49292
41060,Ashland-Orange,2024,5,31928
41130,Halsted-Orange,2024,5,41795
40730,Washington/Wells,2024,5,111465
40040,Quincy/Wells,2024,5,119109
40160,LaSalle/Van Buren,2024,5,42246
40850,Library,2024,5,72617
40680,Adams/Wabash,2024,5,121811
41700,Washington/Wabash,2024,5,190447
40260,State/Lake,2024,5,224589
40380,Clark/Lake,2024,5,236507
40900,Howard,2024,6,86718
41190,Jarvis,2024,6,28613
40100,Morse,2024,6,70629
41300,Loyola,2024,6,76628
40760,Granville,2024,6,56209
40880,Thorndale,2024,6,49820
41380,Bryn Mawr,2024,6,46643
40340,Berwyn,2024,6,0
41200,Argyle,2024,6,76481
40770,Lawrence,2024,6,0
40540,Wilson,2024,6,5054
40540,Wilson,2024,6,142351
40080,Sheridan,2024,6,77559
41420,Addison-North Main,2024,6,232414
41320,Belmont-North Main,2024,6,214931
41220,Fullerton,2024,6,194714
40650,North/Clybourn,2024,6,90564
40630,Clark/Division,2024,6,140698
41450,Chicago/State,2024,6,217848
40330,Grand/State,2024,6,202896
41660,Lake/State,2024,6,305037
41090,Monroe/State,2024,6,110212
40560,Jackson/State,2024,6,101072
41490,Harrison,2024,6,65993
41400,Roosevelt,2024,6,213753
41000,Cermak-Chinatown,2024,6,103273
40190,Sox-35th-Dan Ryan,2024,6,84598
41230,47th-Dan Ryan,2024,6,39827
41170,Garfield-Dan Ryan,2024,6,47828
40910,63rd-Dan Ryan,2024,6,38940
40990,69th,2024,6,67059
40240,79th,2024,6,87436
41430,87th,2024,6,45674
40450,95th/Dan Ryan,2024,6,120448
41050,Linden,2024,6,17418
41250,Central-Evanston,2024,6,10575
40400,Noyes,2024,6,12777
40520,Foster,2024,6,11780
40050,Davis,2024,6,46307
40690,Dempster,2024,6,12774
40270,Main,2024,6,15899
40840,South Boulevard,2024,6,10376
40140,Dempster-Skokie,2024,6,25837
41680,Oakton-Skokie,2024,6,10783
40890,O'Hare Airport,2024,6,285948
40820,Rosemont,2024,6,110682
40230,Cumberland,2024,6,60005
40750,Harlem-O'Hare,2024,6,36727
41280,Jefferson Park,2024,6,116853
41330,Montrose-O'Hare,2024,6,40212
40550,Irving Park-O'Hare,2024,6,68534
41240,Addison-O'Hare,2024,6,46286
40060,Belmont-O'Hare,2024,6,87484
41020,Logan Square,2024,6,113586
40570,California/Milwaukee,2024,6,85740
40670,Western/Milwaukee,2024,6,85602
40590,Damen/Milwaukee,2024,6,106968
40320,Division/Milwaukee,2024,6,100055
41410,Chicago/Milwaukee,2024,6,68483
40490,Grand/Milwaukee,2024,6,61055
40370,Washington/Dearborn,2024,6,209420
40790,Monroe/Dearborn,2024,6,93233
40070,Jackson/Dearborn,2024,6,82971
41340,LaSalle,2024,6,40833
40430,Clinton-Forest Park,2024,6,49237
40350,UIC-Halsted,2024,6,51772
40470,Racine,2024,6,14757
40810,Medical Center,2024,6,31834
40220,Western-Forest Park,2024,6,16776
40250,Kedzie-Homan-Forest Park,2024,6,24771
40920,Pulaski-Forest Park,2024,6,19298
40970,Cicero-Forest Park,2024,6,15465
40010,Austin-Forest Park,2024,6,16756
40180,Oak Park-Forest Park,2024,6,13918
40980,Harlem-Forest Park,2024,6,10235
40390,Forest Park,2024,6,31801
41030,Polk,2024,6,50617
40830,18th,2024,6,37267
40210,Damen-Cermak,2024,6,29765
40740,Western-Cermak,2024,6,23708
40440,California-Cermak,2024,6,27874
41040,Kedzie-Cermak,2024,6,21675
40780,Central Park,2024,6,21304
40150,Pulaski-Cermak,2024,6,19829
40600,Kostner,2024,6,8173
40420,Cicero-Cermak,2024,6,24951
40580,54th/Cermak,2024,6,42503
40020,Harlem-Lake,2024,6,55419
41350,Oak Park-Lake,2024,6,21379
40610,Ridgeland,2024,6,17993
41260,Austin-Lake,2024,6,25238
40280,Central-Lake,2024,6,31880
40700,Laramie,2024,6,15958
40480,Cicero-Lake,2024,6,19671
40030,Pulaski-Lake,2024,6,22754
41670,Conservatory,2024,6,18335
41070,Kedzie-Lake,2024,6,16318
41360,California-Lake,2024,6,18200
40170,Ashland-Lake,2024,6,50715
41510,Morgan-Lake,2024,6,97934
41160,Clinton-Lake,2024,6,66198
41690,Cermak-McCormick Place,2024,6,33657
41120,35-Bronzeville-IIT,2024,6,21037
40300,Indiana,2024,6,9496
41270,43rd,2024,6,13197
41080,47th-South Elevated,2024,6,15407
40130,51st,2024,6,13883
40510,Garfield-South Elevated,2024,6,17724
41140,King Drive,2024,6,6400
40720,East 63rd-Cottage Grove,2024,6,14832
40940,Halsted/63rd,2024,6,7958
40290,Ashland/63rd,2024,6,14988
41290,Kimball,2024,6,71102
41180,Kedzie-Brown,2024,6,34658
40870,Francisco,2024,6,23738
41010,Rockwell,2024,6,24534
41480,Western-Brown,2024,6,59691
40090,Damen-Brown,2024,6,41321
41500,Montrose-Brown,2024,6,37266
41460,Irving Park-Brown,2024,6,42964
41440,Addison-Brown,2024,6,30046
41310,Paulina,2024,6,44901
40360,Southport,2024,6,61026
41210,Wellington,2024,6,48299
40530,Diversey,2024,6,81181
40660,Armitage,2024,6,68410
40800,Sedgwick,2024,6,74675
40710,Chicago/Franklin,2024,6,106338
40460,Merchandise Mart,2024,6,103827
40930,Midway Airport,2024,6,135837
40960,Pulaski-Orange,2024,6,73105
41150,Kedzie-Midway,2024,6,54671
40310,Western-Orange,2024,6,58984
40120,35th/Archer,2024,6,43432
41060,Ashland-Orange,2024,6,28460
41130,Halsted-Orange,2024,6,41605
40730,Washington/Wells,2024,6,103252
40040,Quincy/Wells,2024,6,114228
40160,LaSalle/Van Buren,2024,6,39705
40850,Library,2024,6,62960
40680,Adams/Wabash,2024,6,102697
41700,Washington/Wabash,2024,6,188237
40260,State/Lake,2024,6,221300
40380,Clark/Lake,2024,6,230406
40900,Howard,2024,7,88377
41190,Jarvis,2024,7,29299
40100,Morse,2024,7,70790
41300,Loyola,2024,7,78420
40760,Granville,2024,7,55946
40880,Thorndale,2024,7,48774
41380,Bryn Mawr,2024,7,45599
40340,Berwyn,2024,7,0
41200,Argyle,2024,7,76113
40770,Lawrence,2024,7,0
40540,Wilson,2024,7,146210
40080,Sheridan,2024,7,71626
41420,Addison-North Main,2024,7,218303
41320,Belmont-North Main,2024,7,194060
41220,Fullerton,2024,7,169308
40650,North/Clybourn,2024,7,93449
40630,Clark/Division,2024,7,138875
41450,Chicago/State,2024,7,228094
40330,Grand/State,2024,7,222461
41660,Lake/State,2024,7,318995
41090,Monroe/State,2024,7,115932
40560,Jackson/State,2024,7,93347
41490,Harrison,2024,7,70336
41400,Roosevelt,2024,7,228915
41000,Cermak-Chinatown,2024,7,114953
40190,Sox-35th-Dan Ryan,2024,7,74694
41230,47th-Dan Ryan,2024,7,37551
41170,Garfield-Dan Ryan,2024,7,51047
40910,63rd-Dan Ryan,2024,7,38171
40990,69th,2024,7,66530
40240,79th,2024,7,88836
41430,87th,2024,7,46357
40450,95th/Dan Ryan,2024,7,124521
41050,Linden,2024,7,19218
41250,Central-Evanston,2024,7,11611
40400,Noyes,2024,7,14232
40520,Foster,2024,7,12196
40050,Davis,2024,7,50095
40690,Dempster,2024,7,13513
40270,Main,2024,7,16474
40840,South Boulevard,2024,7,10846
40140,Dempster-Skokie,2024,7,26949
41680,Oakton-Skokie,2024,7,12013
40890,O'Hare Airport,2024,7,299784
40820,Rosemont,2024,7,114308
40230,Cumberland,2024,7,60762
40750,Harlem-O'Hare,2024,7,38441
41280,Jefferson Park,2024,7,124601
41330,Montrose-O'Hare,2024,7,43264
40550,Irving Park-O'Hare,2024,7,71842
41240,Addison-O'Hare,2024,7,45718
40060,Belmont-O'Hare,2024,7,92194
41020,Logan Square,2024,7,114495
40570,California/Milwaukee,2024,7,87678
40670,Western/Milwaukee,2024,7,88286
40590,Damen/Milwaukee,2024,7,114882
40320,Division/Milwaukee,2024,7,103206
41410,Chicago/Milwaukee,2024,7,68918
40490,Grand/Milwaukee,2024,7,62032
40370,Washington/Dearborn,2024,7,225273
40790,Monroe/Dearborn,2024,7,98912
40070,Jackson/Dearborn,2024,7,82693
41340,LaSalle,2024,7,42889
40430,Clinton-Forest Park,2024,7,52627
40350,UIC-Halsted,2024,7,55664
40470,Racine,2024,7,14983
40810,Medical Center,2024,7,33595
40220,Western-Forest Park,2024,7,17192
40250,Kedzie-Homan-Forest Park,2024,7,25840
40920,Pulaski-Forest Park,2024,7,19264
40970,Cicero-Forest Park,2024,7,16316
40010,Austin-Forest Park,2024,7,17336
40180,Oak Park-Forest Park,2024,7,14926
40980,Harlem-Forest Park,2024,7,10900
40390,Forest Park,2024,7,34317
41030,Polk,2024,7,55028
40830,18th,2024,7,38777
40210,Damen-Cermak,2024,7,31199
40740,Western-Cermak,2024,7,23558
40440,California-Cermak,2024,7,28619
41040,Kedzie-Cermak,2024,7,22440
40780,Central Park,2024,7,21871
40150,Pulaski-Cermak,2024,7,20578
40600,Kostner,2024,7,8192
40420,Cicero-Cermak,2024,7,26577
40580,54th/Cermak,2024,7,45117
40020,Harlem-Lake,2024,7,58756
41350,Oak Park-Lake,2024,7,22028
40610,Ridgeland,2024,7,18482
41260,Austin-Lake,2024,7,25988
40280,Central-Lake,2024,7,34234
40700,Laramie,2024,7,16503
40480,Cicero-Lake,2024,7,20960
40030,Pulaski-Lake,2024,7,21334
41670,Conservatory,2024,7,17213
41070,Kedzie-Lake,2024,7,16631
41360,California-Lake,2024,7,19986
41710,Damen-Lake,2024,7,0
40170,Ashland-Lake,2024,7,58778
41510,Morgan-Lake,2024,7,101774
41160,Clinton-Lake,2024,7,70766
41690,Cermak-McCormick Place,2024,7,36080
41120,35-Bronzeville-IIT,2024,7,22673
40300,Indiana,2024,7,10800
41270,43rd,2024,7,14476
41080,47th-South Elevated,2024,7,16624
40130,51st,2024,7,15360
40510,Garfield-South Elevated,2024,7,19985
41140,King Drive,2024,7,6462
40720,East 63rd-Cottage Grove,2024,7,15400
40940,Halsted/63rd,2024,7,7778
40290,Ashland/63rd,2024,7,16387
41290,Kimball,2024,7,72786
41180,Kedzie-Brown,2024,7,36082
40870,Francisco,2024,7,25520
41010,Rockwell,2024,7,25905
41480,Western-Brown,2024,7,62480
40090,Damen-Brown,2024,7,41092
41500,Montrose-Brown,2024,7,39410
41460,Irving Park-Brown,2024,7,42919
41440,Addison-Brown,2024,7,29690
41310,Paulina,2024,7,46052
40360,Southport,2024,7,60678
41210,Wellington,2024,7,47991
40530,Diversey,2024,7,81520
40660,Armitage,2024,7,68365
40800,Sedgwick,2024,7,75348
40710,Chicago/Franklin,2024,7,115920
40460,Merchandise Mart,2024,7,107400
40930,Midway Airport,2024,7,146145
40960,Pulaski-Orange,2024,7,77843
41150,Kedzie-Midway,2024,7,58184
40310,Western-Orange,2024,7,61845
40120,35th/Archer,2024,7,46258
41060,Ashland-Orange,2024,7,30798
41130,Halsted-Orange,2024,7,41368
40730,Washington/Wells,2024,7,114880
40040,Quincy/Wells,2024,7,126178
40160,LaSalle/Van Buren,2024,7,42894
40850,Library,2024,7,63260
40680,Adams/Wabash,2024,7,102810
41700,Washington/Wabash,2024,7,211399
40260,State/Lake,2024,7,238921
40380,Clark/Lake,2024,7,246087
40900,Howard,2024,8,93512
41190,Jarvis,2024,8,30713
40100,Morse,2024,8,74829
41300,Loyola,2024,8,97391
40760,Granville,2024,8,62584
40880,Thorndale,2024,8,53252
41380,Bryn Mawr,2024,8,48492
40340,Berwyn,2024,8,0
41200,Argyle,2024,8,83086
40770,Lawrence,2024,8,0
40540,Wilson,2024,8,155449
40080,Sheridan,2024,8,76567
41420,Addison-North Main,2024,8,239630
41320,Belmont-North Main,2024,8,210947
41220,Fullerton,2024,8,181117
40650,North/Clybourn,2024,8,94732
40630,Clark/Division,2024,8,154591
41450,Chicago/State,2024,8,243766
40330,Grand/State,2024,8,241153
41660,Lake/State,2024,8,326355
41090,Monroe/State,2024,8,117107
40560,Jackson/State,2024,8,108514
41490,Harrison,2024,8,87042
41400,Roosevelt,2024,8,240030
41000,Cermak-Chinatown,2024,8,117097
40190,Sox-35th-Dan Ryan,2024,8,90312
41230,47th-Dan Ryan,2024,8,39813
41170,Garfield-Dan Ryan,2024,8,50498
40910,63rd-Dan Ryan,2024,8,36116
40990,69th,2024,8,67155
40240,79th,2024,8,87787
41430,87th,2024,8,50405
40450,95th/Dan Ryan,2024,8,128479
41050,Linden,2024,8,19900
41250,Central-Evanston,2024,8,12033
40400,Noyes,2024,8,12748
40520,Foster,2024,8,10986
40050,Davis,2024,8,50501
40690,Dempster,2024,8,14006
40270,Main,2024,8,17543
40840,South Boulevard,2024,8,10915
40140,Dempster-Skokie,2024,8,27568
41680,Oakton-Skokie,2024,8,12406
40890,O'Hare Airport,2024,8,323981
40820,Rosemont,2024,8,126534
40230,Cumberland,2024,8,67895
40750,Harlem-O'Hare,2024,8,40454
41280,Jefferson Park,2024,8,128527
41330,Montrose-O'Hare,2024,8,45058
40550,Irving Park-O'Hare,2024,8,72265
41240,Addison-O'Hare,2024,8,49170
40060,Belmont-O'Hare,2024,8,93964
41020,Logan Square,2024,8,116449
40570,California/Milwaukee,2024,8,90914
40670,Western/Milwaukee,2024,8,90068
40590,Damen/Milwaukee,2024,8,112505
40320,Division/Milwaukee,2024,8,106427
41410,Chicago/Milwaukee,2024,8,70717
40490,Grand/Milwaukee,2024,8,62900
40370,Washington/Dearborn,2024,8,223501
40790,Monroe/Dearborn,2024,8,95880
40070,Jackson/Dearborn,2024,8,103672
41340,LaSalle,2024,8,52468
40430,Clinton-Forest Park,2024,8,50776
40350,UIC-Halsted,2024,8,70304
40470,Racine,2024,8,18015
40810,Medical Center,2024,8,37198
40220,Western-Forest Park,2024,8,18152
40250,Kedzie-Homan-Forest Park,2024,8,25932
40920,Pulaski-Forest Park,2024,8,19422
40970,Cicero-Forest Park,2024,8,16680
40010,Austin-Forest Park,2024,8,18056
40180,Oak Park-Forest Park,2024,8,14951
40980,Harlem-Forest Park,2024,8,11496
40390,Forest Park,2024,8,34204
41030,Polk,2024,8,55227
40830,18th,2024,8,40584
40210,Damen-Cermak,2024,8,32371
40740,Western-Cermak,2024,8,24800
40440,California-Cermak,2024,8,29222
41040,Kedzie-Cermak,2024,8,23242
40780,Central Park,2024,8,22452
40150,Pulaski-Cermak,2024,8,20809
40600,Kostner,2024,8,7827
40420,Cicero-Cermak,2024,8,27525
40580,54th/Cermak,2024,8,46117
40020,Harlem-Lake,2024,8,61608
41350,Oak Park-Lake,2024,8,23299
40610,Ridgeland,2024,8,19760
41260,Austin-Lake,2024,8,27155
40280,Central-Lake,2024,8,35281
40700,Laramie,2024,8,17626
40480,Cicero-Lake,2024,8,21173
40030,Pulaski-Lake,2024,8,25004
41670,Conservatory,2024,8,17483
41070,Kedzie-Lake,2024,8,19522
41360,California-Lake,2024,8,21410
41710,Damen-Lake,2024,8,19720
40170,Ashland-Lake,2024,8,65624
41510,Morgan-Lake,2024,8,110554
41160,Clinton-Lake,2024,8,71075
41690,Cermak-McCormick Place,2024,8,43949
41120,35-Bronzeville-IIT,2024,8,31864
40300,Indiana,2024,8,11266
41270,43rd,2024,8,15750
41080,47th-South Elevated,2024,8,17181
40130,51st,2024,8,16480
40510,Garfield-South Elevated,2024,8,20800
41140,King Drive,2024,8,7821
40720,East 63rd-Cottage Grove,2024,8,16833
40940,Halsted/63rd,2024,8,8625
40290,Ashland/63rd,2024,8,16767
41290,Kimball,2024,8,74513
41180,Kedzie-Brown,2024,8,36236
40870,Francisco,2024,8,25417
41010,Rockwell,2024,8,26175
41480,Western-Brown,2024,8,58902
40090,Damen-Brown,2024,8,42252
41500,Montrose-Brown,2024,8,39823
41460,Irving Park-Brown,2024,8,43962
41440,Addison-Brown,2024,8,31889
41310,Paulina,2024,8,46470
40360,Southport,2024,8,61535
41210,Wellington,2024,8,47906
40530,Diversey,2024,8,83280
40660,Armitage,2024,8,70594
40800,Sedgwick,2024,8,77370
40710,Chicago/Franklin,2024,8,115515
40460,Merchandise Mart,2024,8,101639
40930,Midway Airport,2024,8,153843
40960,Pulaski-Orange,2024,8,79744
41150,Kedzie-Midway,2024,8,59799
40310,Western-Orange,2024,8,63830
40120,35th/Archer,2024,8,47876
41060,Ashland-Orange,2024,8,31101
41130,Halsted-Orange,2024,8,44404
40730,Washington/Wells,2024,8,105887
40040,Quincy/Wells,2024,8,117926
40160,LaSalle/Van Buren,2024,8,42220
40850,Library,2024,8,74313
40680,Adams/Wabash,2024,8,117164
41700,Washington/Wabash,2024,8,204642
40260,State/Lake,2024,8,247400
40380,Clark/Lake,2024,8,248277
40900,Howard,2024,9,93063
41190,Jarvis,2024,9,31874
40100,Morse,2024,9,75003
41300,Loyola,2024,9,119321
40760,Granville,2024,9,77690
40880,Thorndale,2024,9,55385
41380,Bryn Mawr,2024,9,48590
40340,Berwyn,2024,9,0
41200,Argyle,2024,9,86156
40770,Lawrence,2024,9,0
40540,Wilson,2024,9,163540
40080,Sheridan,2024,9,78882
41420,Addison-North Main,2024,9,223108
41320,Belmont-North Main,2024,9,209486
41220,Fullerton,2024,9,264973
40650,North/Clybourn,2024,9,95077
40630,Clark/Division,2024,9,147473
41450,Chicago/State,2024,9,231384
40330,Grand/State,2024,9,200135
41660,Lake/State,2024,9,307332
41090,Monroe/State,2024,9,110158
40560,Jackson/State,2024,9,125888
41490,Harrison,2024,9,79201
41400,Roosevelt,2024,9,211840
41000,Cermak-Chinatown,2024,9,103546
40190,Sox-35th-Dan Ryan,2024,9,74600
41230,47th-Dan Ryan,2024,9,38547
41170,Garfield-Dan Ryan,2024,9,48974
40910,63rd-Dan Ryan,2024,9,37740
40990,69th,2024,9,66147
40240,79th,2024,9,86412
41430,87th,2024,9,50893
40450,95th/Dan Ryan,2024,9,126597
41050,Linden,2024,9,15958
41250,Central-Evanston,2024,9,10831
40400,Noyes,2024,9,14564
40520,Foster,2024,9,11215
40050,Davis,2024,9,49013
40690,Dempster,2024,9,13646
40270,Main,2024,9,17483
40840,South Boulevard,2024,9,10869
40140,Dempster-Skokie,2024,9,25889
41680,Oakton-Skokie,2024,9,12882
40890,O'Hare Airport,2024,9,290155
40820,Rosemont,2024,9,113885
40230,Cumberland,2024,9,60611
40750,Harlem-O'Hare,2024,9,42249
41280,Jefferson Park,2024,9,125552
41330,Montrose-O'Hare,2024,9,45460
40550,Irving Park-O'Hare,2024,9,72670
41240,Addison-O'Hare,2024,9,49867
40060,Belmont-O'Hare,2024,9,93912
41020,Logan Square,2024,9,116461
40570,California/Milwaukee,2024,9,89958
40670,Western/Milwaukee,2024,9,90083
40590,Damen/Milwaukee,2024,9,108342
40320,Division/Milwaukee,2024,9,108092
41410,Chicago/Milwaukee,2024,9,69177
40490,Grand/Milwaukee,2024,9,59219
40370,Washington/Dearborn,2024,9,210770
40790,Monroe/Dearborn,2024,9,96069
40070,Jackson/Dearborn,2024,9,104357
41340,LaSalle,2024,9,53332
40430,Clinton-Forest Park,2024,9,51415
40350,UIC-Halsted,2024,9,124213
40470,Racine,2024,9,20933
40810,Medical Center,2024,9,36157
40220,Western-Forest Park,2024,9,17190
40250,Kedzie-Homan-Forest Park,2024,9,25481
40920,Pulaski-Forest Park,2024,9,17945
40970,Cicero-Forest Park,2024,9,15949
40010,Austin-Forest Park,2024,9,18094
40180,Oak Park-Forest Park,2024,9,15165
40980,Harlem-Forest Park,2024,9,10448
40390,Forest Park,2024,9,31089
41030,Polk,2024,9,60956
40830,18th,2024,9,39260
40210,Damen-Cermak,2024,9,33815
40740,Western-Cermak,2024,9,24970
40440,California-Cermak,2024,9,38530
41040,Kedzie-Cermak,2024,9,33136
40780,Central Park,2024,9,22999
40150,Pulaski-Cermak,2024,9,21689
40600,Kostner,2024,9,8103
40420,Cicero-Cermak,2024,9,26299
40580,54th/Cermak,2024,9,46941
40020,Harlem-Lake,2024,9,58492
41350,Oak Park-Lake,2024,9,21820
40610,Ridgeland,2024,9,18828
41260,Austin-Lake,2024,9,26497
40280,Central-Lake,2024,9,35790
40700,Laramie,2024,9,17644
40480,Cicero-Lake,2024,9,21571
40030,Pulaski-Lake,2024,9,25206
41670,Conservatory,2024,9,16338
41070,Kedzie-Lake,2024,9,20601
41360,California-Lake,2024,9,21061
41710,Damen-Lake,2024,9,19762
40170,Ashland-Lake,2024,9,51941
41510,Morgan-Lake,2024,9,101936
41160,Clinton-Lake,2024,9,70452
41690,Cermak-McCormick Place,2024,9,38428
41120,35-Bronzeville-IIT,2024,9,32509
40300,Indiana,2024,9,11460
41270,43rd,2024,9,14733
41080,47th-South Elevated,2024,9,16355
40130,51st,2024,9,15709
40510,Garfield-South Elevated,2024,9,19757
41140,King Drive,2024,9,7733
40720,East 63rd-Cottage Grove,2024,9,17090
40940,Halsted/63rd,2024,9,8941
40290,Ashland/63rd,2024,9,16745
41290,Kimball,2024,9,76015
41180,Kedzie-Brown,2024,9,35434
40870,Francisco,2024,9,25304
41010,Rockwell,2024,9,27825
41480,Western-Brown,2024,9,52490
40090,Damen-Brown,2024,9,44971
41500,Montrose-Brown,2024,9,38536
41460,Irving Park-Brown,2024,9,44659
41440,Addison-Brown,2024,9,33154
41310,Paulina,2024,9,45820
40360,Southport,2024,9,63059
41210,Wellington,2024,9,50138
40530,Diversey,2024,9,84902
40660,Armitage,2024,9,75658
40800,Sedgwick,2024,9,72106
40710,Chicago/Franklin,2024,9,111080
40460,Merchandise Mart,2024,9,101858
40930,Midway Airport,2024,9,147693
40960,Pulaski-Orange,2024,9,87900
41150,Kedzie-Midway,2024,9,62179
40310,Western-Orange,2024,9,67260
40120,35th/Archer,2024,9,49285
41060,Ashland-Orange,2024,9,31807
41130,Halsted-Orange,2024,9,49923
40730,Washington/Wells,2024,9,111490
40040,Quincy/Wells,2024,9,120419
40160,LaSalle/Van Buren,2024,9,41927
40850,Library,2024,9,74816
40680,Adams/Wabash,2024,9,130595
41700,Washington/Wabash,2024,9,167117
40260,State/Lake,2024,9,237731
40380,Clark/Lake,2024,9,264901
40900,Howard,2024,10,98065
41190,Jarvis,2024,10,33116
40100,Morse,2024,10,78848
41300,Loyola,2024,10,119483
40760,Granville,2024,10,81268
40880,Thorndale,2024,10,59580
41380,Bryn Mawr,2024,10,53111
40340,Berwyn,2024,10,0
41200,Argyle,2024,10,91597
40770,Lawrence,2024,10,0
40540,Wilson,2024,10,174210
40080,Sheridan,2024,10,84819
41420,Addison-North Main,2024,10,142106
41320,Belmont-North Main,2024,10,226438
41220,Fullerton,2024,10,292615
40650,North/Clybourn,2024,10,109127
40630,Clark/Division,2024,10,164273
41450,Chicago/State,2024,10,247101
40330,Grand/State,2024,10,204083
41660,Lake/State,2024,10,324209
41090,Monroe/State,2024,10,121723
40560,Jackson/State,2024,10,142382
41490,Harrison,2024,10,85939
41400,Roosevelt,2024,10,232343
41000,Cermak-Chinatown,2024,10,119394
40190,Sox-35th-Dan Ryan,2024,10,59791
41230,47th-Dan Ryan,2024,10,40897
41170,Garfield-Dan Ryan,2024,10,53841
40910,63rd-Dan Ryan,2024,10,40990
40990,69th,2024,10,68101
40240,79th,2024,10,92033
41430,87th,2024,10,53391
40450,95th/Dan Ryan,2024,10,135276
41050,Linden,2024,10,14317
41250,Central-Evanston,2024,10,11396
40400,Noyes,2024,10,18664
40520,Foster,2024,10,13543
40050,Davis,2024,10,54277
40690,Dempster,2024,10,13924
40270,Main,2024,10,18946
40840,South Boulevard,2024,10,11300
40140,Dempster-Skokie,2024,10,23077
41680,Oakton-Skokie,2024,10,14341
40890,O'Hare Airport,2024,10,310891
40820,Rosemont,2024,10,124301
40230,Cumberland,2024,10,67187
40750,Harlem-O'Hare,2024,10,45878
41280,Jefferson Park,2024,10,134813
41330,Montrose-O'Hare,2024,10,49656
40550,Irving Park-O'Hare,2024,10,79837
41240,Addison-O'Hare,2024,10,53361
40060,Belmont-O'Hare,2024,10,101513
41020,Logan Square,2024,10,128388
40570,California/Milwaukee,2024,10,98943
40670,Western/Milwaukee,2024,10,101104
40590,Damen/Milwaukee,2024,10,121964
40320,Division/Milwaukee,2024,10,116275
41410,Chicago/Milwaukee,2024,10,76961
40490,Grand/Milwaukee,2024,10,66456
40370,Washington/Dearborn,2024,10,224555
40790,Monroe/Dearborn,2024,10,111473
40070,Jackson/Dearborn,2024,10,123057
41340,LaSalle,2024,10,56132
40430,Clinton-Forest Park,2024,10,57672
40350,UIC-Halsted,2024,10,139834
40470,Racine,2024,10,22827
40810,Medical Center,2024,10,42025
40220,Western-Forest Park,2024,10,18602
40250,Kedzie-Homan-Forest Park,2024,10,25649
40920,Pulaski-Forest Park,2024,10,19700
40970,Cicero-Forest Park,2024,10,16781
40010,Austin-Forest Park,2024,10,19351
40180,Oak Park-Forest Park,2024,10,16764
40980,Harlem-Forest Park,2024,10,11472
40390,Forest Park,2024,10,34846
41030,Polk,2024,10,68158
40830,18th,2024,10,44505
40210,Damen-Cermak,2024,10,35741
40740,Western-Cermak,2024,10,26237
40440,California-Cermak,2024,10,30972
41040,Kedzie-Cermak,2024,10,24928
40780,Central Park,2024,10,23559
40150,Pulaski-Cermak,2024,10,23121
40600,Kostner,2024,10,8654
40420,Cicero-Cermak,2024,10,27105
40580,54th/Cermak,2024,10,48641
40020,Harlem-Lake,2024,10,61811
41350,Oak Park-Lake,2024,10,23994
40610,Ridgeland,2024,10,20476
41260,Austin-Lake,2024,10,28401
40280,Central-Lake,2024,10,36941
40700,Laramie,2024,10,19823
40480,Cicero-Lake,2024,10,22166
40030,Pulaski-Lake,2024,10,27086
41670,Conservatory,2024,10,16717
41070,Kedzie-Lake,2024,10,22082
41360,California-Lake,2024,10,22121
41710,Damen-Lake,2024,10,27771
40170,Ashland-Lake,2024,10,54171
41510,Morgan-Lake,2024,10,114739
41160,Clinton-Lake,2024,10,78156
41690,Cermak-McCormick Place,2024,10,62824
41120,35-Bronzeville-IIT,2024,10,34948
40300,Indiana,2024,10,12379
41270,43rd,2024,10,16264
41080,47th-South Elevated,2024,10,17702
40130,51st,2024,10,17039
40510,Garfield-South Elevated,2024,10,22275
41140,King Drive,2024,10,8222
40720,East 63rd-Cottage Grove,2024,10,18623
40940,Halsted/63rd,2024,10,9875
40290,Ashland/63rd,2024,10,17885
41290,Kimball,2024,10,79004
41180,Kedzie-Brown,2024,10,38273
40870,Francisco,2024,10,26630
41010,Rockwell,2024,10,33375
41480,Western-Brown,2024,10,53081
40090,Damen-Brown,2024,10,51267
41500,Montrose-Brown,2024,10,41810
41460,Irving Park-Brown,2024,10,52050
41440,Addison-Brown,2024,10,37417
41310,Paulina,2024,10,51474
40360,Southport,2024,10,65931
41210,Wellington,2024,10,56507
40530,Diversey,2024,10,97484
40660,Armitage,2024,10,84942
40800,Sedgwick,2024,10,82558
40710,Chicago/Franklin,2024,10,121589
40460,Merchandise Mart,2024,10,117060
40930,Midway Airport,2024,10,156209
40960,Pulaski-Orange,2024,10,95605
41150,Kedzie-Midway,2024,10,66786
40310,Western-Orange,2024,10,72221
40120,35th/Archer,2024,10,53204
41060,Ashland-Orange,2024,10,34374
41130,Halsted-Orange,2024,10,54211
40730,Washington/Wells,2024,10,128123
40040,Quincy/Wells,2024,10,139445
40160,LaSalle/Van Buren,2024,10,48249
40850,Library,2024,10,78389
40680,Adams/Wabash,2024,10,151342
41700,Washington/Wabash,2024,10,185343
40260,State/Lake,2024,10,261618
40380,Clark/Lake,2024,10,314835
40900,Howard,2024,11,87661
41190,Jarvis,2024,11,28520
40100,Morse,2024,11,69694
41300,Loyola,2024,11,99124
40760,Granville,2024,11,69187
40880,Thorndale,2024,11,50871
41380,Bryn Mawr,2024,11,43809
40340,Berwyn,2024,11,0
41200,Argyle,2024,11,77865
40770,Lawrence,2024,11,0
40540,Wilson,2024,11,147064
40080,Sheridan,2024,11,67576
41420,Addison-North Main,2024,11,120728
41320,Belmont-North Main,2024,11,182647
41220,Fullerton,2024,11,195224
40650,North/Clybourn,2024,11,86589
40630,Clark/Division,2024,11,131395
41450,Chicago/State,2024,11,209091
40330,Grand/State,2024,11,173185
41660,Lake/State,2024,11,279794
41090,Monroe/State,2024,11,98313
40560,Jackson/State,2024,11,91786
41490,Harrison,2024,11,63193
41400,Roosevelt,2024,11,194065
41000,Cermak-Chinatown,2024,11,88620
40190,Sox-35th-Dan Ryan,2024,11,49313
41230,47th-Dan Ryan,2024,11,36275
41170,Garfield-Dan Ryan,2024,11,45178
40910,63rd-Dan Ryan,2024,11,35435
40990,69th,2024,11,56930
40240,79th,2024,11,81658
41430,87th,2024,11,46389
40450,95th/Dan Ryan,2024,11,117652
41050,Linden,2024,11,11504
41250,Central-Evanston,2024,11,10549
40400,Noyes,2024,11,14460
40520,Foster,2024,11,11540
40050,Davis,2024,11,46323
40690,Dempster,2024,11,11698
40270,Main,2024,11,16756
40840,South Boulevard,2024,11,9492
40140,Dempster-Skokie,2024,11,19290
41680,Oakton-Skokie,2024,11,11683
40890,O'Hare Airport,2024,11,258081
40820,Rosemont,2024,11,101223
40230,Cumberland,2024,11,53085
40750,Harlem-O'Hare,2024,11,38394
41280,Jefferson Park,2024,11,116917
41330,Montrose-O'Hare,2024,11,42343
40550,Irving Park-O'Hare,2024,11,67955
41240,Addison-O'Hare,2024,11,45173
40060,Belmont-O'Hare,2024,11,88473
41020,Logan Square,2024,11,108459
40570,California/Milwaukee,2024,11,83915
40670,Western/Milwaukee,2024,11,83471
40590,Damen/Milwaukee,2024,11,105938
40320,Division/Milwaukee,2024,11,98805
41410,Chicago/Milwaukee,2024,11,66401
40490,Grand/Milwaukee,2024,11,56231
40370,Washington/Dearborn,2024,11,198866
40790,Monroe/Dearborn,2024,11,87727
40070,Jackson/Dearborn,2024,11,90432
41340,LaSalle,2024,11,44456
40430,Clinton-Forest Park,2024,11,48483
40350,UIC-Halsted,2024,11,107554
40470,Racine,2024,11,17700
40810,Medical Center,2024,11,35254
40220,Western-Forest Park,2024,11,15740
40250,Kedzie-Homan-Forest Park,2024,11,23381
40920,Pulaski-Forest Park,2024,11,18060
40970,Cicero-Forest Park,2024,11,14806
40010,Austin-Forest Park,2024,11,16124
40180,Oak Park-Forest Park,2024,11,13857
40980,Harlem-Forest Park,2024,11,9907
40390,Forest Park,2024,11,30198
41030,Polk,2024,11,53692
40830,18th,2024,11,35942
40210,Damen-Cermak,2024,11,30048
40740,Western-Cermak,2024,11,21620
40440,California-Cermak,2024,11,26457
41040,Kedzie-Cermak,2024,11,21301
40780,Central Park,2024,11,20246
40150,Pulaski-Cermak,2024,11,19391
40600,Kostner,2024,11,8067
40420,Cicero-Cermak,2024,11,24918
40580,54th/Cermak,2024,11,38100
40020,Harlem-Lake,2024,11,54358
41350,Oak Park-Lake,2024,11,19395
40610,Ridgeland,2024,11,16433
41260,Austin-Lake,2024,11,23955
40280,Central-Lake,2024,11,32271
40700,Laramie,2024,11,16932
40480,Cicero-Lake,2024,11,18811
40030,Pulaski-Lake,2024,11,23916
41670,Conservatory,2024,11,14139
41070,Kedzie-Lake,2024,11,18549
41360,California-Lake,2024,11,18019
41710,Damen-Lake,2024,11,24005
40170,Ashland-Lake,2024,11,43915
41510,Morgan-Lake,2024,11,93156
41160,Clinton-Lake,2024,11,62121
41690,Cermak-McCormick Place,2024,11,38725
41120,35-Bronzeville-IIT,2024,11,27925
40300,Indiana,2024,11,10641
41270,43rd,2024,11,14113
41080,47th-South Elevated,2024,11,15002
40130,51st,2024,11,14126
40510,Garfield-South Elevated,2024,11,18310
41140,King Drive,2024,11,7327
40720,East 63rd-Cottage Grove,2024,11,16201
40940,Halsted/63rd,2024,11,8864
40290,Ashland/63rd,2024,11,16163
41290,Kimball,2024,11,71763
41180,Kedzie-Brown,2024,11,34708
40870,Francisco,2024,11,23443
41010,Rockwell,2024,11,27514
41480,Western-Brown,2024,11,42792
40090,Damen-Brown,2024,11,42819
41500,Montrose-Brown,2024,11,35598
41460,Irving Park-Brown,2024,11,40795
41440,Addison-Brown,2024,11,30728
41310,Paulina,2024,11,42272
40360,Southport,2024,11,54372
41210,Wellington,2024,11,45490
40530,Diversey,2024,11,78159
40660,Armitage,2024,11,67131
40800,Sedgwick,2024,11,63700
40710,Chicago/Franklin,2024,11,98874
40460,Merchandise Mart,2024,11,89845
40930,Midway Airport,2024,11,129806
40960,Pulaski-Orange,2024,11,78197
41150,Kedzie-Midway,2024,11,57022
40310,Western-Orange,2024,11,62316
40120,35th/Archer,2024,11,44886
41060,Ashland-Orange,2024,11,28498
41130,Halsted-Orange,2024,11,43937
40730,Washington/Wells,2024,11,99124
40040,Quincy/Wells,2024,11,104714
40160,LaSalle/Van Buren,2024,11,38357
40850,Library,2024,11,56347
40680,Adams/Wabash,2024,11,107310
41700,Washington/Wabash,2024,11,162656
40260,State/Lake,2024,11,210740
40380,Clark/Lake,2024,11,247242
40900,Howard,2024,12,79461
41190,Jarvis,2024,12,24048
40100,Morse,2024,12,61985
41300,Loyola,2024,12,70276
40760,Granville,2024,12,52165
40880,Thorndale,2024,12,44444
41380,Bryn Mawr,2024,12,39447
40340,Berwyn,2024,12,0
41200,Argyle,2024,12,68323
40770,Lawrence,2024,12,0
40540,Wilson,2024,12,128055
40080,Sheridan,2024,12,58806
41420,Addison-North Main,2024,12,106049
41320,Belmont-North Main,2024,12,160988
41220,Fullerton,2024,12,127479
40650,North/Clybourn,2024,12,78442
40630,Clark/Division,2024,12,120493
41450,Chicago/State,2024,12,184230
40330,Grand/State,2024,12,158344
41660,Lake/State,2024,12,264667
41090,Monroe/State,2024,12,90300
40560,Jackson/State,2024,12,67842
41490,Harrison,2024,12,52308
41400,Roosevelt,2024,12,168887
41000,Cermak-Chinatown,2024,12,76013
40190,Sox-35th-Dan Ryan,2024,12,40864
41230,47th-Dan Ryan,2024,12,34192
41170,Garfield-Dan Ryan,2024,12,39712
40910,63rd-Dan Ryan,2024,12,32977
40990,69th,2024,12,50126
40240,79th,2024,12,78107
41430,87th,2024,12,42839
40450,95th/Dan Ryan,2024,12,107504
41050,Linden,2024,12,12031
41250,Central-Evanston,2024,12,9807
40400,Noyes,2024,12,9828
40520,Foster,2024,12,7704
40050,Davis,2024,12,40056
40690,Dempster,2024,12,10808
40270,Main,2024,12,15583
40840,South Boulevard,2024,12,9264
40140,Dempster-Skokie,2024,12,18222
41680,Oakton-Skokie,2024,12,10287
40890,O'Hare Airport,2024,12,245898
40820,Rosemont,2024,12,91260
40230,Cumberland,2024,12,48724
40750,Harlem-O'Hare,2024,12,35122
41280,Jefferson Park,2024,12,109267
41330,Montrose-O'Hare,2024,12,38318
40550,Irving Park-O'Hare,2024,12,63078
41240,Addison-O'Hare,2024,12,40789
40060,Belmont-O'Hare,2024,12,81264
41020,Logan Square,2024,12,99859
40570,California/Milwaukee,2024,12,75712
40670,Western/Milwaukee,2024,12,76099
40590,Damen/Milwaukee,2024,12,95974
40320,Division/Milwaukee,2024,12,88802
41410,Chicago/Milwaukee,2024,12,61204
40490,Grand/Milwaukee,2024,12,50445
40370,Washington/Dearborn,2024,12,192141
40790,Monroe/Dearborn,2024,12,76514
40070,Jackson/Dearborn,2024,12,71156
41340,LaSalle,2024,12,35453
40430,Clinton-Forest Park,2024,12,44926
40350,UIC-Halsted,2024,12,62233
40470,Racine,2024,12,16139
40810,Medical Center,2024,12,29234
40220,Western-Forest Park,2024,12,13765
40250,Kedzie-Homan-Forest Park,2024,12,21432
40920,Pulaski-Forest Park,2024,12,16721
40970,Cicero-Forest Park,2024,12,14262
40010,Austin-Forest Park,2024,12,13951
40180,Oak Park-Forest Park,2024,12,11749
40980,Harlem-Forest Park,2024,12,8881
40390,Forest Park,2024,12,27090
41030,Polk,2024,12,44600
40830,18th,2024,12,30794
40210,Damen-Cermak,2024,12,26105
40740,Western-Cermak,2024,12,19163
40440,California-Cermak,2024,12,23977
41040,Kedzie-Cermak,2024,12,18999
40780,Central Park,2024,12,17920
40150,Pulaski-Cermak,2024,12,18278
40600,Kostner,2024,12,7323
40420,Cicero-Cermak,2024,12,20903
40580,54th/Cermak,2024,12,35439
40020,Harlem-Lake,2024,12,49145
41350,Oak Park-Lake,2024,12,17312
40610,Ridgeland,2024,12,15128
41260,Austin-Lake,2024,12,22557
40280,Central-Lake,2024,12,29545
40700,Laramie,2024,12,15233
40480,Cicero-Lake,2024,12,17502
40030,Pulaski-Lake,2024,12,21788
41670,Conservatory,2024,12,12908
41070,Kedzie-Lake,2024,12,16884
41360,California-Lake,2024,12,17059
41710,Damen-Lake,2024,12,19942
40170,Ashland-Lake,2024,12,36184
41510,Morgan-Lake,2024,12,82358
41160,Clinton-Lake,2024,12,54521
41690,Cermak-McCormick Place,2024,12,30645
41120,35-Bronzeville-IIT,2024,12,19694
40300,Indiana,2024,12,9536
41270,43rd,2024,12,12322
41080,47th-South Elevated,2024,12,14046
40130,51st,2024,12,13061
40510,Garfield-South Elevated,2024,12,16433
41140,King Drive,2024,12,6911
40720,East 63rd-Cottage Grove,2024,12,14581
40940,Halsted/63rd,2024,12,7747
40290,Ashland/63rd,2024,12,15793
41290,Kimball,2024,12,68147
41180,Kedzie-Brown,2024,12,32411
40870,Francisco,2024,12,21768
41010,Rockwell,2024,12,23339
41480,Western-Brown,2024,12,50615
40090,Damen-Brown,2024,12,36968
41500,Montrose-Brown,2024,12,32581
41460,Irving Park-Brown,2024,12,37565
41440,Addison-Brown,2024,12,28425
41310,Paulina,2024,12,37471
40360,Southport,2024,12,49862
41210,Wellington,2024,12,40043
40530,Diversey,2024,12,67849
40660,Armitage,2024,12,60307
40800,Sedgwick,2024,12,57152
40710,Chicago/Franklin,2024,12,88425
40460,Merchandise Mart,2024,12,84215
40930,Midway Airport,2024,12,115736
40960,Pulaski-Orange,2024,12,67652
41150,Kedzie-Midway,2024,12,50077
40310,Western-Orange,2024,12,54805
40120,35th/Archer,2024,12,38576
41060,Ashland-Orange,2024,12,25980
41130,Halsted-Orange,2024,12,34641
40730,Washington/Wells,2024,12,90506
40040,Quincy/Wells,2024,12,92492
40160,LaSalle/Van Buren,2024,12,34222
40850,Library,2024,12,42589
40680,Adams/Wabash,2024,12,81147
41700,Washington/Wabash,2024,12,151932
40260,State/Lake,2024,12,180109
40380,Clark/Lake,2024,12,221294
