station_id,station_name,rank,score,STATION_ID,LONGNAME,LINES,best_score,second_score,gap,auto_pick_suggested,keep,review_notes
40010,Austin-Forest Park,1,0.8729292929292929,1260,Austin-Lake,Green Line (Lake),0.8729292929292929,0.8688888888888889,0.004040404040403955,False,,
40010,Austin-Forest Park,2,0.8688888888888889,10,Austin-Congress,Blue Line,0.8729292929292929,0.8688888888888889,0.004040404040403955,False,,
40010,Austin-Forest Park,3,0.7491582491582491,390,Forest Park,Blue Line,0.8729292929292929,0.8688888888888889,0.004040404040403955,False,,
40010,Austin-Forest Park,4,0.7082621082621084,560,Jackson/State,Red Line,0.8729292929292929,0.8688888888888889,0.004040404040403955,False,,
40010,Austin-Forest Park,5,0.7080327080327079,1280,Jefferson Park,Blue Line,0.8729292929292929,0.8688888888888889,0.004040404040403955,False,,
40020,Harlem-Lake,1,1.0,20,Harlem-Lake,Green Line (Lake),1.0,0.902097902097902,0.09790209790209803,True,,
40020,Harlem-Lake,2,0.902097902097902,750,Harlem-O'Hare,Blue Line (O'Hare),1.0,0.902097902097902,0.09790209790209803,False,,
40020,Harlem-Lake,3,0.8521212121212122,980,Harlem-Congress,Blue Line (Congress),1.0,0.902097902097902,0.09790209790209803,False,,
40020,Harlem-Lake,4,0.8190235690235691,280,Central-Lake,Green Line (Lake),1.0,0.902097902097902,0.09790209790209803,False,,
40020,Harlem-Lake,5,0.8007575757575758,380,Clark/Lake,"Brown, Orange, Pink, Purple (Express), Green, Blue",1.0,0.902097902097902,0.09790209790209803,False,,
40030,Pulaski-Lake,1,1.0,30,Pulaski-Lake,Green Line (Lake),1.0,0.9,0.09999999999999998,True,,
40030,Pulaski-Lake,2,0.9,150,Pulaski-Douglas,Pink,1.0,0.9,0.09999999999999998,False,,
40030,Pulaski-Lake,3,0.8785714285714286,960,Pulaski-Midway,Orange Line,1.0,0.9,0.09999999999999998,False,,
40030,Pulaski-Lake,4,0.8625,920,Pulaski-Congress,Blue Line (Congress),1.0,0.9,0.09999999999999998,False,,
40030,Pulaski-Lake,5,0.8222222222222223,380,Clark/Lake,"Brown, Orange, Pink, Purple (Express), Green, Blue",1.0,0.9,0.09999999999999998,False,,
40040,Quincy/Wells,1,1.0,40,Quincy/Wells,"Brown, Orange, Pink, Purple (Express)",1.0,,1.0,True,,
40050,Davis,1,1.0,50,Davis,"Purple Line, Evanston Express",1.0,0.8222222222222223,0.1777777777777777,True,,
40050,Davis,2,0.8222222222222223,1190,Jarvis,Red Line,1.0,0.8222222222222223,0.1777777777777777,False,,
40060,Belmont-O'Hare,1,1.0,60,Belmont-O'Hare,Blue Line,1.0,0.9147741147741149,0.08522588522588515,True,,
40060,Belmont-O'Hare,2,0.9147741147741149,1320,Belmont-North Main,"Red, Brown, Purple (Express)",1.0,0.9147741147741149,0.08522588522588515,False,,
40060,Belmont-O'Hare,3,0.8023809523809523,1330,Montrose-O'Hare,Blue Line,1.0,0.9147741147741149,0.08522588522588515,False,,
40060,Belmont-O'Hare,4,0.7619047619047619,1240,Addison-O'Hare,Blue Line,1.0,0.9147741147741149,0.08522588522588515,False,,
40060,Belmont-O'Hare,5,0.7611721611721611,750,Harlem-O'Hare,Blue Line (O'Hare),1.0,0.9147741147741149,0.08522588522588515,False,,
40070,Jackson/Dearborn,1,1.0,70,Jackson/Dearborn,Blue Line,1.0,0.8588461538461538,0.14115384615384619,True,,
40070,Jackson/Dearborn,2,0.8588461538461538,560,Jackson/State,Red Line,1.0,0.8588461538461538,0.14115384615384619,False,,
40070,Jackson/Dearborn,3,0.7766414141414142,790,Monroe/Dearborn,Blue Line,1.0,0.8588461538461538,0.14115384615384619,False,,
40070,Jackson/Dearborn,4,0.704031713900135,370,Washington/Dearborn,Blue Line,1.0,0.8588461538461538,0.14115384615384619,False,,
40080,Sheridan,1,1.0,80,Sheridan,Red Line,1.0,,1.0,True,,
40090,Damen-Brown,1,0.890909090909091,210,Damen,Pink,0.890909090909091,0.8868181818181818,0.004090909090909145,False,,
40090,Damen-Brown,2,0.8868181818181818,90,Damen-Ravenswood,Brown Line,0.890909090909091,0.8868181818181818,0.004090909090909145,False,,
40090,Damen-Brown,3,0.8206060606060606,590,Damen/Milwaukee,Blue Line,0.890909090909091,0.8868181818181818,0.004090909090909145,False,,
40090,Damen-Brown,4,0.719486531986532,1000,Cermak-Chinatown,Red Line,0.890909090909091,0.8868181818181818,0.004090909090909145,False,,
40090,Damen-Brown,5,0.7007575757575758,70,Jackson/Dearborn,Blue Line,0.890909090909091,0.8868181818181818,0.004090909090909145,False,,
40100,Morse,1,1.0,100,Morse,Red Line,1.0,0.8222222222222222,0.1777777777777778,True,,
40100,Morse,2,0.8222222222222222,1330,Montrose-O'Hare,Blue Line,1.0,0.8222222222222222,0.1777777777777778,False,,
40100,Morse,3,0.8035087719298246,1500,Montrose-Ravenswood,Brown Line,1.0,0.8222222222222222,0.1777777777777778,False,,
40100,Morse,4,0.7911111111111111,1090,Monroe/State,Red Line,1.0,0.8222222222222222,0.1777777777777778,False,,
40100,Morse,5,0.79,1510,Morgan,"Green (Lake), Pink",1.0,0.8222222222222222,0.1777777777777778,False,,
40120,35th/Archer,1,1.0,120,35th/Archer,Orange Line,1.0,0.7348484848484849,0.26515151515151514,True,,
40120,35th/Archer,2,0.7348484848484849,580,54th/Cermak,Pink,1.0,0.7348484848484849,0.26515151515151514,False,,
40130,51st,1,1.0,130,51st,Green Line,1.0,,1.0,True,,
40140,Dempster-Skokie,1,1.0,140,Dempster-Skokie,Yellow Line,1.0,0.9066666666666666,0.09333333333333338,True,,
40140,Dempster-Skokie,2,0.9066666666666666,690,Dempster,"Purple Line, Evanston Express",1.0,0.9066666666666666,0.09333333333333338,False,,
40150,Pulaski-Cermak,1,0.9222943722943724,30,Pulaski-Lake,Green Line (Lake),0.9222943722943724,0.8857142857142858,0.0365800865800866,False,,
40150,Pulaski-Cermak,2,0.8857142857142858,960,Pulaski-Midway,Orange Line,0.9222943722943724,0.8857142857142858,0.0365800865800866,False,,
40150,Pulaski-Cermak,3,0.876461038961039,920,Pulaski-Congress,Blue Line (Congress),0.9222943722943724,0.8857142857142858,0.0365800865800866,False,,
40150,Pulaski-Cermak,4,0.8485714285714285,150,Pulaski-Douglas,Pink,0.9222943722943724,0.8857142857142858,0.0365800865800866,False,,
40150,Pulaski-Cermak,5,0.7357142857142858,1310,Paulina,Brown Line,0.9222943722943724,0.8857142857142858,0.0365800865800866,False,,
40160,LaSalle/Van Buren,1,1.0,160,LaSalle/Van Buren,"Brown, Orange, Pink, Purple (Express)",1.0,0.8823529411764706,0.11764705882352944,True,,
40160,LaSalle/Van Buren,2,0.8823529411764706,1340,LaSalle,Blue Line,1.0,0.8823529411764706,0.11764705882352944,False,,
40170,Ashland-Lake,1,1.0,170,Ashland-Lake,"Green (Lake), Pink",1.0,0.8785714285714286,0.12142857142857144,True,,
40170,Ashland-Lake,2,0.8785714285714286,1060,Ashland-Midway,Orange Line,1.0,0.8785714285714286,0.12142857142857144,False,,
40170,Ashland-Lake,3,0.8666666666666666,290,Ashland/63rd,Green Line (Englewood),1.0,0.8785714285714286,0.12142857142857144,False,,
40170,Ashland-Lake,4,0.7462962962962963,1360,California-Lake,Green Line (Lake),1.0,0.8785714285714286,0.12142857142857144,False,,
40170,Ashland-Lake,5,0.7431818181818182,1260,Austin-Lake,Green Line (Lake),1.0,0.8785714285714286,0.12142857142857144,False,,
40180,Oak Park-Forest Park,1,0.8879487179487179,1350,Oak Park-Lake,Green Line (Lake),0.8879487179487179,0.8829411764705882,0.005007541478129651,False,,
40180,Oak Park-Forest Park,2,0.8829411764705882,180,Oak Park-Congress,Blue Line,0.8879487179487179,0.8829411764705882,0.005007541478129651,False,,
40190,Sox-35th-Dan Ryan,1,1.0,190,Sox-35th-Dan Ryan,Red Line,1.0,0.7652086475615887,0.23479135243841132,True,,
40190,Sox-35th-Dan Ryan,2,0.7652086475615887,450,95th/Dan Ryan,Red Line,1.0,0.7652086475615887,0.23479135243841132,False,,
40190,Sox-35th-Dan Ryan,3,0.7401617989853285,1230,47th-Dan Ryan,Red Line,1.0,0.7652086475615887,0.23479135243841132,False,,
40190,Sox-35th-Dan Ryan,4,0.7191553544494722,910,63rd-Dan Ryan,Red Line,1.0,0.7652086475615887,0.23479135243841132,False,,
40210,Damen-Cermak,1,0.8833333333333334,210,Damen,Pink,0.8833333333333334,0.86,0.023333333333333428,False,,
40210,Damen-Cermak,2,0.86,590,Damen/Milwaukee,Blue Line,0.8833333333333334,0.86,0.023333333333333428,False,,
40210,Damen-Cermak,3,0.8402777777777778,90,Damen-Ravenswood,Brown Line,0.8833333333333334,0.86,0.023333333333333428,False,,
40210,Damen-Cermak,4,0.7468434343434343,460,Merchandise Mart,"Brown, Purple (Express)",0.8833333333333334,0.86,0.023333333333333428,False,,
40220,Western-Forest Park,1,0.8763157894736843,220,Western-Congress,Blue Line (Congress),0.8763157894736843,0.865901934322987,0.01041385515069726,False,,
40220,Western-Forest Park,2,0.865901934322987,1480,Western-Ravenswood,Brown Line,0.8763157894736843,0.865901934322987,0.01041385515069726,False,,
40220,Western-Forest Park,3,0.8442743221690591,740,Western-Douglas,Pink,0.8763157894736843,0.865901934322987,0.01041385515069726,False,,
40220,Western-Forest Park,4,0.8270194202082747,670,Western/Milwaukee,Blue Line (O'Hare),0.8763157894736843,0.865901934322987,0.01041385515069726,False,,
40220,Western-Forest Park,5,0.8233082706766918,310,Western-Midway,Orange Line,0.8763157894736843,0.865901934322987,0.01041385515069726,False,,
40230,Cumberland,1,1.0,230,Cumberland,Blue Line,1.0,,1.0,True,,
40240,79th,1,1.0,240,79th,Red Line,1.0,0.8333333333333334,0.16666666666666663,True,,
40240,79th,2,0.8333333333333334,1430,87th,Red Line,1.0,0.8333333333333334,0.16666666666666663,False,,
40240,79th,3,0.8333333333333334,990,69th,Red Line,1.0,0.8333333333333334,0.16666666666666663,False,,
40250,Kedzie-Homan-Forest Park,1,0.9,250,Kedzie-Homan,Blue Line (Congress),0.9,0.8386363636363636,0.0613636363636364,True,,
40250,Kedzie-Homan-Forest Park,2,0.8386363636363636,1070,Kedzie-Lake,Green Line (Lake),0.9,0.8386363636363636,0.0613636363636364,False,,
40250,Kedzie-Homan-Forest Park,3,0.838515406162465,1180,Kedzie-Ravenswood,Brown Line,0.9,0.8386363636363636,0.0613636363636364,False,,
40250,Kedzie-Homan-Forest Park,4,0.8261904761904763,1040,Kedzie-Douglas,Pink,0.9,0.8386363636363636,0.0613636363636364,False,,
40260,State/Lake,1,1.0,260,State/Lake,"Brown, Orange, Pink,  Purple (Express), Green",1.0,0.8007575757575758,0.19924242424242422,True,,
40260,State/Lake,2,0.8007575757575758,1260,Austin-Lake,Green Line (Lake),1.0,0.8007575757575758,0.19924242424242422,False,,
40260,State/Lake,3,0.7388888888888889,280,Central-Lake,Green Line (Lake),1.0,0.8007575757575758,0.19924242424242422,False,,
40260,State/Lake,4,0.7311688311688312,20,Harlem-Lake,Green Line (Lake),1.0,0.8007575757575758,0.19924242424242422,False,,
40260,State/Lake,5,0.7222222222222222,590,Damen/Milwaukee,Blue Line,1.0,0.8007575757575758,0.19924242424242422,False,,
40270,Main,1,1.0,270,Main,"Purple Line, Evanston Express",1.0,0.75,0.25,True,,
40270,Main,2,0.75,1000,Cermak-Chinatown,Red Line,1.0,0.75,0.25,False,,
40270,Main,3,0.75,470,Racine,Blue Line,1.0,0.75,0.25,False,,
40270,Main,4,0.7261904761904763,1310,Paulina,Brown Line,1.0,0.75,0.25,False,,
40280,Central-Lake,1,1.0,280,Central-Lake,Green Line (Lake),1.0,0.9333333333333332,0.06666666666666676,True,,
40280,Central-Lake,2,0.9333333333333332,780,Central Park,Pink,1.0,0.9333333333333332,0.06666666666666676,False,,
40280,Central-Lake,3,0.8716666666666667,1250,Central-Evanston,"Purple Line, Evanston Express",1.0,0.9333333333333332,0.06666666666666676,False,,
40280,Central-Lake,4,0.8616666666666666,380,Clark/Lake,"Brown, Orange, Pink, Purple (Express), Green, Blue",1.0,0.9333333333333332,0.06666666666666676,False,,
40280,Central-Lake,5,0.8190235690235691,20,Harlem-Lake,Green Line (Lake),1.0,0.9333333333333332,0.06666666666666676,False,,
40290,Ashland/63rd,1,1.0,290,Ashland/63rd,Green Line (Englewood),1.0,0.8785714285714286,0.12142857142857144,True,,
40290,Ashland/63rd,2,0.8785714285714286,1060,Ashland-Midway,Orange Line,1.0,0.8785714285714286,0.12142857142857144,False,,
40290,Ashland/63rd,3,0.8666666666666666,170,Ashland-Lake,"Green (Lake), Pink",1.0,0.8785714285714286,0.12142857142857144,False,,
40290,Ashland/63rd,4,0.8222222222222223,940,Halsted/63rd,Green Line,1.0,0.8785714285714286,0.12142857142857144,False,,
40300,Indiana,1,1.0,300,Indiana,Green Line,1.0,0.746031746031746,0.25396825396825395,True,,
40300,Indiana,2,0.746031746031746,1050,Linden,"Purple Line, Evanston Express",1.0,0.746031746031746,0.25396825396825395,False,,
40310,Western-Orange,1,0.9328296703296703,220,Western-Congress,Blue Line (Congress),0.9328296703296703,0.8993894993894994,0.03344017094017093,False,,
40310,Western-Orange,2,0.8993894993894994,1480,Western-Ravenswood,Brown Line,0.9328296703296703,0.8993894993894994,0.03344017094017093,False,,
40310,Western-Orange,3,0.8856277056277057,740,Western-Douglas,Pink,0.9328296703296703,0.8993894993894994,0.03344017094017093,False,,
40310,Western-Orange,4,0.8605042016806722,670,Western/Milwaukee,Blue Line (O'Hare),0.9328296703296703,0.8993894993894994,0.03344017094017093,False,,
40310,Western-Orange,5,0.8571428571428571,310,Western-Midway,Orange Line,0.9328296703296703,0.8993894993894994,0.03344017094017093,False,,
40320,Division/Milwaukee,1,1.0,320,Division/Milwaukee,Blue Line,1.0,0.815,0.18500000000000005,True,,
40320,Division/Milwaukee,2,0.815,590,Damen/Milwaukee,Blue Line,1.0,0.815,0.18500000000000005,False,,
40320,Division/Milwaukee,3,0.7666666666666667,490,Grand/Milwaukee,Blue Line (O'Hare),1.0,0.815,0.18500000000000005,False,,
40320,Division/Milwaukee,4,0.7352941176470589,1410,Chicago/Milwaukee,Blue Line,1.0,0.815,0.18500000000000005,False,,
40320,Division/Milwaukee,5,0.7352941176470589,670,Western/Milwaukee,Blue Line (O'Hare),1.0,0.815,0.18500000000000005,False,,
40330,Grand/State,1,1.0,330,Grand/State,Red Line,1.0,0.8521212121212122,0.14787878787878783,True,,
40330,Grand/State,2,0.8521212121212122,490,Grand/Milwaukee,Blue Line (O'Hare),1.0,0.8521212121212122,0.14787878787878783,False,,
40330,Grand/State,3,0.7787878787878788,1660,Lake/State,Red Line,1.0,0.8521212121212122,0.14787878787878783,False,,
40330,Grand/State,4,0.73989898989899,1020,Logan Square,Blue Line,1.0,0.8521212121212122,0.14787878787878783,False,,
40330,Grand/State,5,0.7392191142191141,1450,Chicago/State,Red Line,1.0,0.8521212121212122,0.14787878787878783,False,,
40340,Berwyn,1,1.0,340,Berwyn,Red Line,1.0,0.7333333333333334,0.2666666666666666,True,,
40340,Berwyn,2,0.7333333333333334,1380,Bryn Mawr,Red Line,1.0,0.7333333333333334,0.2666666666666666,False,,
40350,UIC-Halsted,1,1.0,350,UIC-Halsted,Blue Line,1.0,,1.0,True,,
40360,Southport,1,1.0,360,Southport,Brown Line,1.0,0.8488888888888889,0.15111111111111108,True,,
40360,Southport,2,0.8488888888888889,840,South Boulevard,"Purple Line, Evanston Express",1.0,0.8488888888888889,0.15111111111111108,False,,
40370,Washington/Dearborn,1,1.0,370,Washington/Dearborn,Blue Line,1.0,0.8897832817337461,0.1102167182662539,True,,
40370,Washington/Dearborn,2,0.8897832817337461,1700,Washington/Wabash,"Brown, Orange, Pink,  Purple (Express), Green",1.0,0.8897832817337461,0.1102167182662539,False,,
40370,Washington/Dearborn,3,0.8763157894736843,730,Washington/Wells,"Brown, Orange, Pink, Purple (Express)",1.0,0.8897832817337461,0.1102167182662539,False,,
40370,Washington/Dearborn,4,0.704031713900135,70,Jackson/Dearborn,Blue Line,1.0,0.8897832817337461,0.1102167182662539,False,,
40380,Clark/Lake,1,1.0,380,Clark/Lake,"Brown, Orange, Pink, Purple (Express), Green, Blue",1.0,0.8616666666666666,0.13833333333333342,True,,
40380,Clark/Lake,2,0.8616666666666666,280,Central-Lake,Green Line (Lake),1.0,0.8616666666666666,0.13833333333333342,False,,
40380,Clark/Lake,3,0.8222222222222223,30,Pulaski-Lake,Green Line (Lake),1.0,0.8616666666666666,0.13833333333333342,False,,
40380,Clark/Lake,4,0.8088888888888889,1160,Clinton-Lake,"Green (Lake), Pink",1.0,0.8616666666666666,0.13833333333333342,False,,
40380,Clark/Lake,5,0.8009090909090909,480,Cicero-Lake,Green Line (Lake),1.0,0.8616666666666666,0.13833333333333342,False,,
40390,Forest Park,1,1.0,390,Forest Park,Blue Line,1.0,0.8077922077922078,0.19220779220779216,True,,
40390,Forest Park,2,0.8077922077922078,1280,Jefferson Park,Blue Line,1.0,0.8077922077922078,0.19220779220779216,False,,
40390,Forest Park,3,0.7898989898989899,520,Foster,"Purple Line, Evanston Express",1.0,0.8077922077922078,0.19220779220779216,False,,
40390,Forest Park,4,0.7118686868686869,1330,Montrose-O'Hare,Blue Line,1.0,0.8077922077922078,0.19220779220779216,False,,
40400,Noyes,1,1.0,400,Noyes,"Purple Line, Evanston Express",1.0,,1.0,True,,
40420,Cicero-Cermak,1,0.9156643356643356,480,Cicero-Lake,Green Line (Lake),0.9156643356643356,0.8671794871794872,0.04848484848484835,False,,
40420,Cicero-Cermak,2,0.8671794871794872,970,Cicero-Congress,Blue Line (Congress),0.9156643356643356,0.8671794871794872,0.04848484848484835,False,,
40420,Cicero-Cermak,3,0.8373626373626374,420,Cicero-Douglas,Pink,0.9156643356643356,0.8671794871794872,0.04848484848484835,False,,
40430,Clinton-Forest Park,1,0.8809409888357257,1160,Clinton-Lake,"Green (Lake), Pink",0.8809409888357257,0.8763157894736843,0.004625199362041421,False,,
40430,Clinton-Forest Park,2,0.8763157894736843,430,Clinton-Congress,Blue Line,0.8809409888357257,0.8763157894736843,0.004625199362041421,False,,
40430,Clinton-Forest Park,3,0.7687400318979266,390,Forest Park,Blue Line,0.8809409888357257,0.8763157894736843,0.004625199362041421,False,,
40430,Clinton-Forest Park,4,0.7478947368421053,780,Central Park,Pink,0.8809409888357257,0.8763157894736843,0.004625199362041421,False,,
40440,California-Cermak,1,0.9370868347338936,1360,California-Lake,Green Line (Lake),0.9370868347338936,0.8998039215686274,0.03728291316526622,False,,
40440,California-Cermak,2,0.8998039215686274,570,California/Milwaukee,Blue Line (O'Hare),0.9370868347338936,0.8998039215686274,0.03728291316526622,False,,
40440,California-Cermak,3,0.8745098039215686,440,California-Douglas,Pink,0.9370868347338936,0.8998039215686274,0.03728291316526622,False,,
40440,California-Cermak,4,0.7287581699346406,470,Racine,Blue Line,0.9370868347338936,0.8998039215686274,0.03728291316526622,False,,
40450,95th/Dan Ryan,1,1.0,450,95th/Dan Ryan,Red Line,1.0,0.8974358974358975,0.10256410256410253,True,,
40450,95th/Dan Ryan,2,0.8974358974358975,1230,47th-Dan Ryan,Red Line,1.0,0.8974358974358975,0.10256410256410253,False,,
40450,95th/Dan Ryan,3,0.7652086475615887,190,Sox-35th-Dan Ryan,Red Line,1.0,0.8974358974358975,0.10256410256410253,False,,
40450,95th/Dan Ryan,4,0.7578347578347578,910,63rd-Dan Ryan,Red Line,1.0,0.8974358974358975,0.10256410256410253,False,,
40460,Merchandise Mart,1,1.0,460,Merchandise Mart,"Brown, Purple (Express)",1.0,0.719486531986532,0.280513468013468,True,,
40460,Merchandise Mart,2,0.719486531986532,330,Grand/State,Red Line,1.0,0.719486531986532,0.280513468013468,False,,
40460,Merchandise Mart,3,0.7007575757575758,1000,Cermak-Chinatown,Red Line,1.0,0.719486531986532,0.280513468013468,False,,
40470,Racine,1,1.0,470,Racine,Blue Line,1.0,0.75,0.25,True,,
40470,Racine,2,0.75,270,Main,"Purple Line, Evanston Express",1.0,0.75,0.25,False,,
40470,Racine,3,0.7296296296296297,870,Francisco,Brown Line,1.0,0.75,0.25,False,,
40470,Racine,4,0.7296296296296297,760,Granville,Red Line,1.0,0.75,0.25,False,,
40480,Cicero-Lake,1,1.0,480,Cicero-Lake,Green Line (Lake),1.0,0.8922077922077922,0.10779220779220777,True,,
40480,Cicero-Lake,2,0.8922077922077922,420,Cicero-Douglas,Pink,1.0,0.8922077922077922,0.10779220779220777,False,,
40480,Cicero-Lake,3,0.8521212121212122,970,Cicero-Congress,Blue Line (Congress),1.0,0.8922077922077922,0.10779220779220777,False,,
40480,Cicero-Lake,4,0.8181818181818182,1160,Clinton-Lake,"Green (Lake), Pink",1.0,0.8922077922077922,0.10779220779220777,False,,
40480,Cicero-Lake,5,0.8009090909090909,380,Clark/Lake,"Brown, Orange, Pink, Purple (Express), Green, Blue",1.0,0.8922077922077922,0.10779220779220777,False,,
40490,Grand/Milwaukee,1,1.0,490,Grand/Milwaukee,Blue Line (O'Hare),1.0,0.8598290598290599,0.14017094017094012,True,,
40490,Grand/Milwaukee,2,0.8598290598290599,590,Damen/Milwaukee,Blue Line,1.0,0.8598290598290599,0.14017094017094012,False,,
40490,Grand/Milwaukee,3,0.8521212121212122,330,Grand/State,Red Line,1.0,0.8598290598290599,0.14017094017094012,False,,
40490,Grand/Milwaukee,4,0.8488888888888889,760,Granville,Red Line,1.0,0.8598290598290599,0.14017094017094012,False,,
40490,Grand/Milwaukee,5,0.8352941176470589,670,Western/Milwaukee,Blue Line (O'Hare),1.0,0.8598290598290599,0.14017094017094012,False,,
40510,Garfield-South Elevated,1,1.0,510,Garfield-South Elevated,Green Line,1.0,0.7249936435291127,0.27500635647088734,True,,
40510,Garfield-South Elevated,2,0.7249936435291127,1080,47th-South Elevated,Green Line,1.0,0.7249936435291127,0.27500635647088734,False,,
40520,Foster,1,1.0,520,Foster,"Purple Line, Evanston Express",1.0,0.8492063492063492,0.1507936507936508,True,,
40520,Foster,2,0.8492063492063492,600,Kostner,Pink,1.0,0.8492063492063492,0.1507936507936508,False,,
40520,Foster,3,0.7898989898989899,390,Forest Park,Blue Line,1.0,0.8492063492063492,0.1507936507936508,False,,
40520,Foster,4,0.7000000000000001,100,Morse,Red Line,1.0,0.8492063492063492,0.1507936507936508,False,,
40530,Diversey,1,1.0,530,Diversey,"Brown, Purple (Express)",1.0,,1.0,True,,
40540,Wilson,1,1.0,540,Wilson,"Purple, Red Line",1.0,0.7222222222222222,0.2777777777777778,True,,
40540,Wilson,2,0.7222222222222222,1490,Harrison,Red Line,1.0,0.7222222222222222,0.2777777777777778,False,,
40550,Irving Park-O'Hare,1,1.0,550,Irving Park-O'Hare,Blue Line,1.0,0.9107323232323232,0.08926767676767677,True,,
40550,Irving Park-O'Hare,2,0.9107323232323232,1460,Irving Park-Ravenswood,Brown Line,1.0,0.9107323232323232,0.08926767676767677,False,,
40560,Jackson/State,1,1.0,560,Jackson/State,Red Line,1.0,0.8588461538461538,0.14115384615384619,True,,
40560,Jackson/State,2,0.8588461538461538,70,Jackson/Dearborn,Blue Line,1.0,0.8588461538461538,0.14115384615384619,False,,
40560,Jackson/State,3,0.7634615384615385,1660,Lake/State,Red Line,1.0,0.8588461538461538,0.14115384615384619,False,,
40560,Jackson/State,4,0.7392191142191141,330,Grand/State,Red Line,1.0,0.8588461538461538,0.14115384615384619,False,,
40560,Jackson/State,5,0.7207977207977208,1450,Chicago/State,Red Line,1.0,0.8588461538461538,0.14115384615384619,False,,
40570,California/Milwaukee,1,1.0,570,California/Milwaukee,Blue Line (O'Hare),1.0,0.95,0.050000000000000044,True,,
40570,California/Milwaukee,2,0.95,1360,California-Lake,Green Line (Lake),1.0,0.95,0.050000000000000044,False,,
40570,California/Milwaukee,3,0.8812698412698413,440,California-Douglas,Pink,1.0,0.95,0.050000000000000044,False,,
40570,California/Milwaukee,4,0.771344537815126,1410,Chicago/Milwaukee,Blue Line,1.0,0.95,0.050000000000000044,False,,
40570,California/Milwaukee,5,0.7383333333333333,380,Clark/Lake,"Brown, Orange, Pink, Purple (Express), Green, Blue",1.0,0.95,0.050000000000000044,False,,
40580,54th/Cermak,1,1.0,580,54th/Cermak,Pink,1.0,0.7348484848484849,0.26515151515151514,True,,
40580,54th/Cermak,2,0.7348484848484849,120,35th/Archer,Orange Line,1.0,0.7348484848484849,0.26515151515151514,False,,
40590,Damen/Milwaukee,1,1.0,590,Damen/Milwaukee,Blue Line,1.0,0.8666666666666666,0.13333333333333341,True,,
40590,Damen/Milwaukee,2,0.8666666666666666,210,Damen,Pink,1.0,0.8666666666666666,0.13333333333333341,False,,
40590,Damen/Milwaukee,3,0.8598290598290599,490,Grand/Milwaukee,Blue Line (O'Hare),1.0,0.8666666666666666,0.13333333333333341,False,,
40590,Damen/Milwaukee,4,0.815,320,Division/Milwaukee,Blue Line,1.0,0.8666666666666666,0.13333333333333341,False,,
40590,Damen/Milwaukee,5,0.7797385620915033,670,Western/Milwaukee,Blue Line (O'Hare),1.0,0.8666666666666666,0.13333333333333341,False,,
40600,Kostner,1,1.0,600,Kostner,Pink,1.0,0.8492063492063492,0.1507936507936508,True,,
40600,Kostner,2,0.8492063492063492,520,Foster,"Purple Line, Evanston Express",1.0,0.8492063492063492,0.1507936507936508,False,,
40610,Ridgeland,1,1.0,610,Ridgeland,Green Line (Lake),1.0,0.7320261437908496,0.2679738562091504,True,,
40610,Ridgeland,2,0.7320261437908496,1170,Garfield-Dan Ryan,Red Line,1.0,0.7320261437908496,0.2679738562091504,False,,
40610,Ridgeland,3,0.7037037037037037,1510,Morgan,"Green (Lake), Pink",1.0,0.7320261437908496,0.2679738562091504,False,,
40610,Ridgeland,4,0.7037037037037037,1050,Linden,"Purple Line, Evanston Express",1.0,0.7320261437908496,0.2679738562091504,False,,
40630,Clark/Division,1,1.0,630,Clark/Division,Red Line,1.0,0.7261904761904763,0.2738095238095237,True,,
40630,Clark/Division,2,0.7261904761904763,1490,Harrison,Red Line,1.0,0.7261904761904763,0.2738095238095237,False,,
40650,North/Clybourn,1,1.0,650,North/Clybourn,Red Line,1.0,,1.0,True,,
40660,Armitage,1,1.0,660,Armitage,"Brown, Purple (Express)",1.0,0.8134920634920636,0.1865079365079364,True,,
40660,Armitage,2,0.8134920634920636,700,Laramie,Green Line (Lake),1.0,0.8134920634920636,0.1865079365079364,False,,
40670,Western/Milwaukee,1,1.0,670,Western/Milwaukee,Blue Line (O'Hare),1.0,0.9126050420168068,0.08739495798319319,True,,
40670,Western/Milwaukee,2,0.9126050420168068,310,Western-Midway,Orange Line,1.0,0.9126050420168068,0.08739495798319319,False,,
40670,Western/Milwaukee,3,0.8578966131907309,740,Western-Douglas,Pink,1.0,0.9126050420168068,0.08739495798319319,False,,
40670,Western/Milwaukee,4,0.8352941176470589,490,Grand/Milwaukee,Blue Line (O'Hare),1.0,0.9126050420168068,0.08739495798319319,False,,
40670,Western/Milwaukee,5,0.8334521687462864,1480,Western-Ravenswood,Brown Line,1.0,0.9126050420168068,0.08739495798319319,False,,
40680,Adams/Wabash,1,1.0,680,Adams/Wabash,"Brown, Orange, Pink,  Purple (Express), Green",1.0,0.7222222222222222,0.2777777777777778,True,,
40680,Adams/Wabash,2,0.7222222222222222,410,Roosevelt/Wabash,Orange & Green Lines,1.0,0.7222222222222222,0.2777777777777778,False,,
40690,Dempster,1,1.0,690,Dempster,"Purple Line, Evanston Express",1.0,0.9066666666666666,0.09333333333333338,True,,
40690,Dempster,2,0.9066666666666666,140,Dempster-Skokie,Yellow Line,1.0,0.9066666666666666,0.09333333333333338,False,,
40700,Laramie,1,1.0,700,Laramie,Green Line (Lake),1.0,0.8134920634920636,0.1865079365079364,True,,
40700,Laramie,2,0.8134920634920636,660,Armitage,"Brown, Purple (Express)",1.0,0.8134920634920636,0.1865079365079364,False,,
40700,Laramie,3,0.7714285714285715,1340,LaSalle,Blue Line,1.0,0.8134920634920636,0.1865079365079364,False,,
40700,Laramie,4,0.7380952380952381,380,Clark/Lake,"Brown, Orange, Pink, Purple (Express), Green, Blue",1.0,0.8134920634920636,0.1865079365079364,False,,
40710,Chicago/Franklin,1,1.0,710,Chicago/Franklin,"Brown, Purple (Express)",1.0,0.857843137254902,0.14215686274509798,True,,
40710,Chicago/Franklin,2,0.857843137254902,1410,Chicago/Milwaukee,Blue Line,1.0,0.857843137254902,0.14215686274509798,False,,
40710,Chicago/Franklin,3,0.8509615384615385,1450,Chicago/State,Red Line,1.0,0.857843137254902,0.14215686274509798,False,,
40710,Chicago/Franklin,4,0.7475378787878788,480,Cicero-Lake,Green Line (Lake),1.0,0.857843137254902,0.14215686274509798,False,,
40710,Chicago/Franklin,5,0.74,1360,California-Lake,Green Line (Lake),1.0,0.857843137254902,0.14215686274509798,False,,
40720,East 63rd-Cottage Grove,1,0.7268673355629877,720,Cottage Grove,Green Line,0.7268673355629877,,0.7268673355629877,False,,
40730,Washington/Wells,1,1.0,730,Washington/Wells,"Brown, Orange, Pink, Purple (Express)",1.0,0.9154411764705882,0.0845588235294118,True,,
40730,Washington/Wells,2,0.9154411764705882,1700,Washington/Wabash,"Brown, Orange, Pink,  Purple (Express), Green",1.0,0.9154411764705882,0.0845588235294118,False,,
40730,Washington/Wells,3,0.8763157894736843,370,Washington/Dearborn,Blue Line,1.0,0.9154411764705882,0.0845588235294118,False,,
40730,Washington/Wells,4,0.7463383838383839,10,Austin-Congress,Blue Line,1.0,0.9154411764705882,0.0845588235294118,False,,
40730,Washington/Wells,5,0.74125,1210,Wellington,"Brown, Purple (Express)",1.0,0.9154411764705882,0.0845588235294118,False,,
40740,Western-Cermak,1,0.8857142857142858,310,Western-Midway,Orange Line,0.8857142857142858,0.8792717086834734,0.006442577030812413,False,,
40740,Western-Cermak,2,0.8792717086834734,670,Western/Milwaukee,Blue Line (O'Hare),0.8857142857142858,0.8792717086834734,0.006442577030812413,False,,
40740,Western-Cermak,3,0.876461038961039,220,Western-Congress,Blue Line (Congress),0.8857142857142858,0.8792717086834734,0.006442577030812413,False,,
40740,Western-Cermak,4,0.8611832611832613,1480,Western-Ravenswood,Brown Line,0.8857142857142858,0.8792717086834734,0.006442577030812413,False,,
40740,Western-Cermak,5,0.8485714285714285,740,Western-Douglas,Pink,0.8857142857142858,0.8792717086834734,0.006442577030812413,False,,
40750,Harlem-O'Hare,1,1.0,750,Harlem-O'Hare,Blue Line (O'Hare),1.0,0.902097902097902,0.09790209790209803,True,,
40750,Harlem-O'Hare,2,0.902097902097902,20,Harlem-Lake,Green Line (Lake),1.0,0.902097902097902,0.09790209790209803,False,,
40750,Harlem-O'Hare,3,0.8871794871794872,980,Harlem-Congress,Blue Line (Congress),1.0,0.902097902097902,0.09790209790209803,False,,
40750,Harlem-O'Hare,4,0.7611721611721611,60,Belmont-O'Hare,Blue Line,1.0,0.902097902097902,0.09790209790209803,False,,
40750,Harlem-O'Hare,5,0.7452991452991453,1330,Montrose-O'Hare,Blue Line,1.0,0.902097902097902,0.09790209790209803,False,,
40760,Granville,1,1.0,760,Granville,Red Line,1.0,0.8488888888888889,0.15111111111111108,True,,
40760,Granville,2,0.8488888888888889,490,Grand/Milwaukee,Blue Line (O'Hare),1.0,0.8488888888888889,0.15111111111111108,False,,
40760,Granville,3,0.7296296296296297,1200,Argyle,Red Line,1.0,0.8488888888888889,0.15111111111111108,False,,
40760,Granville,4,0.7296296296296297,470,Racine,Blue Line,1.0,0.8488888888888889,0.15111111111111108,False,,
40770,Lawrence,1,1.0,770,Lawrence,Red Line,1.0,,1.0,True,,
40780,Central Park,1,1.0,780,Central Park,Pink,1.0,0.9333333333333332,0.06666666666666676,True,,
40780,Central Park,2,0.9333333333333332,280,Central-Lake,Green Line (Lake),1.0,0.9333333333333332,0.06666666666666676,False,,
40780,Central Park,3,0.8625,1250,Central-Evanston,"Purple Line, Evanston Express",1.0,0.9333333333333332,0.06666666666666676,False,,
40780,Central Park,4,0.7421428571428572,380,Clark/Lake,"Brown, Orange, Pink, Purple (Express), Green, Blue",1.0,0.9333333333333332,0.06666666666666676,False,,
40790,Monroe/Dearborn,1,1.0,790,Monroe/Dearborn,Blue Line,1.0,0.8543434343434343,0.1456565656565657,True,,
40790,Monroe/Dearborn,2,0.8543434343434343,1330,Montrose-O'Hare,Blue Line,1.0,0.8543434343434343,0.1456565656565657,False,,
40790,Monroe/Dearborn,3,0.8477777777777779,1090,Monroe/State,Red Line,1.0,0.8543434343434343,0.1456565656565657,False,,
40790,Monroe/Dearborn,4,0.8284795321637427,1500,Montrose-Ravenswood,Brown Line,1.0,0.8543434343434343,0.1456565656565657,False,,
40790,Monroe/Dearborn,5,0.7766414141414142,70,Jackson/Dearborn,Blue Line,1.0,0.8543434343434343,0.1456565656565657,False,,
40800,Sedgwick,1,1.0,800,Sedgwick,"Brown, Purple (Express)",1.0,,1.0,True,,
40810,Medical Center,1,0.7625541125541125,460,Merchandise Mart,"Brown, Purple (Express)",0.7625541125541125,,0.7625541125541125,False,,
40820,Rosemont,1,1.0,820,Rosemont,Blue Line,1.0,0.7638888888888888,0.23611111111111116,True,,
40820,Rosemont,2,0.7638888888888888,1090,Monroe/State,Red Line,1.0,0.7638888888888888,0.23611111111111116,False,,
40820,Rosemont,3,0.7194444444444444,1330,Montrose-O'Hare,Blue Line,1.0,0.7638888888888888,0.23611111111111116,False,,
40830,18th,1,1.0,830,18th,Pink,1.0,0.8333333333333334,0.16666666666666663,True,,
40830,18th,2,0.8333333333333334,1430,87th,Red Line,1.0,0.8333333333333334,0.16666666666666663,False,,
40840,South Boulevard,1,1.0,840,South Boulevard,"Purple Line, Evanston Express",1.0,0.8488888888888889,0.15111111111111108,True,,
40840,South Boulevard,2,0.8488888888888889,360,Southport,Brown Line,1.0,0.8488888888888889,0.15111111111111108,False,,
40850,Library,1,1.0,850,Library,"Brown, Orange, Pink, Purple (Express)",1.0,,1.0,True,,
40870,Francisco,1,1.0,870,Francisco,Brown Line,1.0,0.7296296296296297,0.27037037037037026,True,,
40870,Francisco,2,0.7296296296296297,470,Racine,Blue Line,1.0,0.7296296296296297,0.27037037037037026,False,,
40880,Thorndale,1,1.0,880,Thorndale,Red Line,1.0,0.7296296296296297,0.27037037037037026,True,,
40880,Thorndale,2,0.7296296296296297,900,Howard,"Red, Yellow, Purple, Evanston Express",1.0,0.7296296296296297,0.27037037037037026,False,,
40890,O'Hare Airport,1,1.0,890,O'Hare Airport,Blue Line,1.0,,1.0,True,,
40900,Howard,1,1.0,900,Howard,"Red, Yellow, Purple, Evanston Express",1.0,0.7296296296296297,0.27037037037037026,True,,
40900,Howard,2,0.7296296296296297,880,Thorndale,Red Line,1.0,0.7296296296296297,0.27037037037037026,False,,
40910,63rd-Dan Ryan,1,1.0,910,63rd-Dan Ryan,Red Line,1.0,0.7578347578347578,0.24216524216524216,True,,
40910,63rd-Dan Ryan,2,0.7578347578347578,1230,47th-Dan Ryan,Red Line,1.0,0.7578347578347578,0.24216524216524216,False,,
40910,63rd-Dan Ryan,3,0.7578347578347578,450,95th/Dan Ryan,Red Line,1.0,0.7578347578347578,0.24216524216524216,False,,
40910,63rd-Dan Ryan,4,0.7191553544494722,190,Sox-35th-Dan Ryan,Red Line,1.0,0.7578347578347578,0.24216524216524216,False,,
40920,Pulaski-Forest Park,1,0.8809409888357257,30,Pulaski-Lake,Green Line (Lake),0.8809409888357257,0.8763157894736843,0.004625199362041421,False,,
40920,Pulaski-Forest Park,2,0.8763157894736843,920,Pulaski-Congress,Blue Line (Congress),0.8809409888357257,0.8763157894736843,0.004625199362041421,False,,
40920,Pulaski-Forest Park,3,0.8442743221690591,150,Pulaski-Douglas,Pink,0.8809409888357257,0.8763157894736843,0.004625199362041421,False,,
40920,Pulaski-Forest Park,4,0.8233082706766918,960,Pulaski-Midway,Orange Line,0.8809409888357257,0.8763157894736843,0.004625199362041421,False,,
40920,Pulaski-Forest Park,5,0.7081339712918661,390,Forest Park,Blue Line,0.8809409888357257,0.8763157894736843,0.004625199362041421,False,,
40930,Midway Airport,1,1.0,930,Midway Airport,Orange Line,1.0,,1.0,True,,
40940,Halsted/63rd,1,1.0,940,Halsted/63rd,Green Line,1.0,0.8785714285714286,0.12142857142857144,True,,
40940,Halsted/63rd,2,0.8785714285714286,1130,Halsted-Midway,Orange Line,1.0,0.8785714285714286,0.12142857142857144,False,,
40940,Halsted/63rd,3,0.8222222222222223,290,Ashland/63rd,Green Line (Englewood),1.0,0.8785714285714286,0.12142857142857144,False,,
40960,Pulaski-Orange,1,0.9328296703296703,920,Pulaski-Congress,Blue Line (Congress),0.9328296703296703,0.9095238095238096,0.023305860805860723,False,,
40960,Pulaski-Orange,2,0.9095238095238096,30,Pulaski-Lake,Green Line (Lake),0.9328296703296703,0.9095238095238096,0.023305860805860723,False,,
40960,Pulaski-Orange,3,0.8856277056277057,150,Pulaski-Douglas,Pink,0.9328296703296703,0.9095238095238096,0.023305860805860723,False,,
40960,Pulaski-Orange,4,0.8571428571428571,960,Pulaski-Midway,Orange Line,0.9328296703296703,0.9095238095238096,0.023305860805860723,False,,
40960,Pulaski-Orange,5,0.7642857142857143,1310,Paulina,Brown Line,0.9328296703296703,0.9095238095238096,0.023305860805860723,False,,
40970,Cicero-Forest Park,1,0.8729292929292929,480,Cicero-Lake,Green Line (Lake),0.8729292929292929,0.8688888888888889,0.004040404040403955,False,,
40970,Cicero-Forest Park,2,0.8688888888888889,970,Cicero-Congress,Blue Line (Congress),0.8729292929292929,0.8688888888888889,0.004040404040403955,False,,
40970,Cicero-Forest Park,3,0.8339682539682539,420,Cicero-Douglas,Pink,0.8729292929292929,0.8688888888888889,0.004040404040403955,False,,
40970,Cicero-Forest Park,4,0.7188552188552189,390,Forest Park,Blue Line,0.8729292929292929,0.8688888888888889,0.004040404040403955,False,,
40970,Cicero-Forest Park,5,0.7023809523809524,890,O'Hare Airport,Blue Line,0.8729292929292929,0.8688888888888889,0.004040404040403955,False,,
40980,Harlem-Forest Park,1,0.8846153846153847,750,Harlem-O'Hare,Blue Line (O'Hare),0.8846153846153847,0.8729292929292929,0.011686091686091804,False,,
40980,Harlem-Forest Park,2,0.8729292929292929,20,Harlem-Lake,Green Line (Lake),0.8846153846153847,0.8729292929292929,0.011686091686091804,False,,
40980,Harlem-Forest Park,3,0.8688888888888889,980,Harlem-Congress,Blue Line (Congress),0.8846153846153847,0.8729292929292929,0.011686091686091804,False,,
40980,Harlem-Forest Park,4,0.7188552188552189,390,Forest Park,Blue Line,0.8846153846153847,0.8729292929292929,0.011686091686091804,False,,
40980,Harlem-Forest Park,5,0.7023809523809524,890,O'Hare Airport,Blue Line,0.8846153846153847,0.8729292929292929,0.011686091686091804,False,,
40990,69th,1,1.0,990,69th,Red Line,1.0,0.8333333333333334,0.16666666666666663,True,,
40990,69th,2,0.8333333333333334,240,79th,Red Line,1.0,0.8333333333333334,0.16666666666666663,False,,
41000,Cermak-Chinatown,1,1.0,1000,Cermak-Chinatown,Red Line,1.0,0.7733333333333333,0.22666666666666668,True,,
41000,Cermak-Chinatown,2,0.7733333333333333,1250,Central-Evanston,"Purple Line, Evanston Express",1.0,0.7733333333333333,0.22666666666666668,False,,
41000,Cermak-Chinatown,3,0.75,270,Main,"Purple Line, Evanston Express",1.0,0.7733333333333333,0.22666666666666668,False,,
41000,Cermak-Chinatown,4,0.7007575757575758,460,Merchandise Mart,"Brown, Purple (Express)",1.0,0.7733333333333333,0.22666666666666668,False,,
41010,Rockwell,1,1.0,1010,Rockwell,Brown Line,1.0,,1.0,True,,
41020,Logan Square,1,1.0,1020,Logan Square,Blue Line,1.0,0.73989898989899,0.26010101010101006,True,,
41020,Logan Square,2,0.73989898989899,330,Grand/State,Red Line,1.0,0.73989898989899,0.26010101010101006,False,,
41020,Logan Square,3,0.7300000000000001,1660,Lake/State,Red Line,1.0,0.73989898989899,0.26010101010101006,False,,
41030,Polk,1,1.0,1030,Polk,Pink,1.0,,1.0,True,,
41040,Kedzie-Cermak,1,0.9156643356643356,1070,Kedzie-Lake,Green Line (Lake),0.9156643356643356,0.8884615384615385,0.027202797202797058,False,,
41040,Kedzie-Cermak,2,0.8884615384615385,250,Kedzie-Homan,Blue Line (Congress),0.9156643356643356,0.8884615384615385,0.027202797202797058,False,,
41040,Kedzie-Cermak,3,0.8769230769230769,1150,Kedzie-Midway,Orange Line,0.9156643356643356,0.8884615384615385,0.027202797202797058,False,,
41040,Kedzie-Cermak,4,0.8514932126696833,1180,Kedzie-Ravenswood,Brown Line,0.9156643356643356,0.8884615384615385,0.027202797202797058,False,,
41040,Kedzie-Cermak,5,0.8373626373626374,1040,Kedzie-Douglas,Pink,0.9156643356643356,0.8884615384615385,0.027202797202797058,False,,
41050,Linden,1,1.0,1050,Linden,"Purple Line, Evanston Express",1.0,0.746031746031746,0.25396825396825395,True,,
41050,Linden,2,0.746031746031746,300,Indiana,Green Line,1.0,0.746031746031746,0.25396825396825395,False,,
41050,Linden,3,0.7037037037037037,610,Ridgeland,Green Line (Lake),1.0,0.746031746031746,0.25396825396825395,False,,
41060,Ashland-Orange,1,0.9095238095238096,170,Ashland-Lake,"Green (Lake), Pink",0.9095238095238096,0.8785714285714286,0.030952380952381064,False,,
41060,Ashland-Orange,2,0.8785714285714286,290,Ashland/63rd,Green Line (Englewood),0.9095238095238096,0.8785714285714286,0.030952380952381064,False,,
41060,Ashland-Orange,3,0.8571428571428571,1060,Ashland-Midway,Orange Line,0.9095238095238096,0.8785714285714286,0.030952380952381064,False,,
41060,Ashland-Orange,4,0.7395238095238095,10,Austin-Congress,Blue Line,0.9095238095238096,0.8785714285714286,0.030952380952381064,False,,
41060,Ashland-Orange,5,0.7367724867724869,880,Thorndale,Red Line,0.9095238095238096,0.8785714285714286,0.030952380952381064,False,,
41070,Kedzie-Lake,1,1.0,1070,Kedzie-Lake,Green Line (Lake),1.0,0.8922077922077922,0.10779220779220777,True,,
41070,Kedzie-Lake,2,0.8922077922077922,1040,Kedzie-Douglas,Pink,1.0,0.8922077922077922,0.10779220779220777,False,,
41070,Kedzie-Lake,3,0.8787878787878788,250,Kedzie-Homan,Blue Line (Congress),1.0,0.8922077922077922,0.10779220779220777,False,,
41070,Kedzie-Lake,4,0.8695187165775402,1180,Kedzie-Ravenswood,Brown Line,1.0,0.8922077922077922,0.10779220779220777,False,,
41070,Kedzie-Lake,5,0.8685314685314686,1150,Kedzie-Midway,Orange Line,1.0,0.8922077922077922,0.10779220779220777,False,,
41080,47th-South Elevated,1,1.0,1080,47th-South Elevated,Green Line,1.0,0.7249936435291127,0.27500635647088734,True,,
41080,47th-South Elevated,2,0.7249936435291127,510,Garfield-South Elevated,Green Line,1.0,0.7249936435291127,0.27500635647088734,False,,
41090,Monroe/State,1,1.0,1090,Monroe/State,Red Line,1.0,0.8546969696969696,0.14530303030303038,True,,
41090,Monroe/State,2,0.8546969696969696,1330,Montrose-O'Hare,Blue Line,1.0,0.8546969696969696,0.14530303030303038,False,,
41090,Monroe/State,3,0.8477777777777779,790,Monroe/Dearborn,Blue Line,1.0,0.8546969696969696,0.14530303030303038,False,,
41090,Monroe/State,4,0.8186735778841042,1500,Montrose-Ravenswood,Brown Line,1.0,0.8546969696969696,0.14530303030303038,False,,
41090,Monroe/State,5,0.7911111111111111,100,Morse,Red Line,1.0,0.8546969696969696,0.14530303030303038,False,,
41120,35-Bronzeville-IIT,1,1.0,1120,35-Bronzeville-IIT,Green Line,1.0,,1.0,True,,
41130,Halsted-Orange,1,0.8785714285714286,940,Halsted/63rd,Green Line,0.8785714285714286,0.8571428571428571,0.021428571428571463,False,,
41130,Halsted-Orange,2,0.8571428571428571,1130,Halsted-Midway,Orange Line,0.8785714285714286,0.8571428571428571,0.021428571428571463,False,,
41130,Halsted-Orange,3,0.8082539682539682,980,Harlem-Congress,Blue Line (Congress),0.8785714285714286,0.8571428571428571,0.021428571428571463,False,,
41130,Halsted-Orange,4,0.7930809930809931,750,Harlem-O'Hare,Blue Line (O'Hare),0.8785714285714286,0.8571428571428571,0.021428571428571463,False,,
41130,Halsted-Orange,5,0.7696969696969697,20,Harlem-Lake,Green Line (Lake),0.8785714285714286,0.8571428571428571,0.021428571428571463,False,,
41140,King Drive,1,1.0,1140,King Drive,Green Line,1.0,,1.0,True,,
41150,Kedzie-Midway,1,1.0,1150,Kedzie-Midway,Orange Line,1.0,0.8884615384615385,0.11153846153846148,True,,
41150,Kedzie-Midway,2,0.8884615384615385,250,Kedzie-Homan,Blue Line (Congress),1.0,0.8884615384615385,0.11153846153846148,False,,
41150,Kedzie-Midway,3,0.8685314685314686,1070,Kedzie-Lake,Green Line (Lake),1.0,0.8884615384615385,0.11153846153846148,False,,
41150,Kedzie-Midway,4,0.8670329670329671,1040,Kedzie-Douglas,Pink,1.0,0.8884615384615385,0.11153846153846148,False,,
41150,Kedzie-Midway,5,0.8514932126696833,1180,Kedzie-Ravenswood,Brown Line,1.0,0.8884615384615385,0.11153846153846148,False,,
41160,Clinton-Lake,1,1.0,1160,Clinton-Lake,"Green (Lake), Pink",1.0,0.8625,0.13749999999999996,True,,
41160,Clinton-Lake,2,0.8625,430,Clinton-Congress,Blue Line,1.0,0.8625,0.13749999999999996,False,,
41160,Clinton-Lake,3,0.8181818181818182,480,Cicero-Lake,Green Line (Lake),1.0,0.8625,0.13749999999999996,False,,
41160,Clinton-Lake,4,0.8088888888888889,380,Clark/Lake,"Brown, Orange, Pink, Purple (Express), Green, Blue",1.0,0.8625,0.13749999999999996,False,,
41160,Clinton-Lake,5,0.7899999999999999,1360,California-Lake,Green Line (Lake),1.0,0.8625,0.13749999999999996,False,,
41170,Garfield-Dan Ryan,1,1.0,1170,Garfield-Dan Ryan,Red Line,1.0,0.7320261437908496,0.2679738562091504,True,,
41170,Garfield-Dan Ryan,2,0.7320261437908496,610,Ridgeland,Green Line (Lake),1.0,0.7320261437908496,0.2679738562091504,False,,
41180,Kedzie-Brown,1,0.9,250,Kedzie-Homan,Blue Line (Congress),0.9,0.8945632798573975,0.005436720142602547,False,,
41180,Kedzie-Brown,2,0.8945632798573975,1180,Kedzie-Ravenswood,Brown Line,0.9,0.8945632798573975,0.005436720142602547,False,,
41180,Kedzie-Brown,3,0.8564102564102564,1150,Kedzie-Midway,Orange Line,0.9,0.8945632798573975,0.005436720142602547,False,,
41180,Kedzie-Brown,4,0.8476190476190476,1040,Kedzie-Douglas,Pink,0.9,0.8945632798573975,0.005436720142602547,False,,
41180,Kedzie-Brown,5,0.843939393939394,1070,Kedzie-Lake,Green Line (Lake),0.9,0.8945632798573975,0.005436720142602547,False,,
41190,Jarvis,1,1.0,1190,Jarvis,Red Line,1.0,0.8222222222222223,0.1777777777777777,True,,
41190,Jarvis,2,0.8222222222222223,50,Davis,"Purple Line, Evanston Express",1.0,0.8222222222222223,0.1777777777777777,False,,
41190,Jarvis,3,0.7222222222222222,1490,Harrison,Red Line,1.0,0.8222222222222223,0.1777777777777777,False,,
41200,Argyle,1,1.0,1200,Argyle,Red Line,1.0,0.7296296296296297,0.27037037037037026,True,,
41200,Argyle,2,0.7296296296296297,760,Granville,Red Line,1.0,0.7296296296296297,0.27037037037037026,False,,
41210,Wellington,1,1.0,1210,Wellington,"Brown, Purple (Express)",1.0,0.74125,0.25875000000000004,True,,
41210,Wellington,2,0.74125,730,Washington/Wells,"Brown, Orange, Pink, Purple (Express)",1.0,0.74125,0.25875000000000004,False,,
41210,Wellington,3,0.733529411764706,1700,Washington/Wabash,"Brown, Orange, Pink,  Purple (Express), Green",1.0,0.74125,0.25875000000000004,False,,
41220,Fullerton,1,1.0,1220,Fullerton,"Red, Brown, Purple (Express)",1.0,,1.0,True,,
41230,47th-Dan Ryan,1,1.0,1230,47th-Dan Ryan,Red Line,1.0,0.8974358974358975,0.10256410256410253,True,,
41230,47th-Dan Ryan,2,0.8974358974358975,450,95th/Dan Ryan,Red Line,1.0,0.8974358974358975,0.10256410256410253,False,,
41230,47th-Dan Ryan,3,0.7578347578347578,910,63rd-Dan Ryan,Red Line,1.0,0.8974358974358975,0.10256410256410253,False,,
41230,47th-Dan Ryan,4,0.7401617989853285,190,Sox-35th-Dan Ryan,Red Line,1.0,0.8974358974358975,0.10256410256410253,False,,
41240,Addison-O'Hare,1,1.0,1240,Addison-O'Hare,Blue Line,1.0,0.9147741147741149,0.08522588522588515,True,,
41240,Addison-O'Hare,2,0.9147741147741149,1420,Addison-North Main,Red Line,1.0,0.9147741147741149,0.08522588522588515,False,,
41240,Addison-O'Hare,3,0.888095238095238,1440,Addison-Ravenswood,Brown Line,1.0,0.9147741147741149,0.08522588522588515,False,,
41240,Addison-O'Hare,4,0.7619047619047619,60,Belmont-O'Hare,Blue Line,1.0,0.9147741147741149,0.08522588522588515,False,,
41250,Central-Evanston,1,1.0,1250,Central-Evanston,"Purple Line, Evanston Express",1.0,0.8716666666666667,0.1283333333333333,True,,
41250,Central-Evanston,2,0.8716666666666667,280,Central-Lake,Green Line (Lake),1.0,0.8716666666666667,0.1283333333333333,False,,
41250,Central-Evanston,3,0.8625,780,Central Park,Pink,1.0,0.8716666666666667,0.1283333333333333,False,,
41250,Central-Evanston,4,0.7733333333333333,1000,Cermak-Chinatown,Red Line,1.0,0.8716666666666667,0.1283333333333333,False,,
41250,Central-Evanston,5,0.7055976430976432,1480,Western-Ravenswood,Brown Line,1.0,0.8716666666666667,0.1283333333333333,False,,
41260,Austin-Lake,1,1.0,1260,Austin-Lake,Green Line (Lake),1.0,0.8521212121212122,0.14787878787878783,True,,
41260,Austin-Lake,2,0.8521212121212122,10,Austin-Congress,Blue Line,1.0,0.8521212121212122,0.14787878787878783,False,,
41260,Austin-Lake,3,0.8007575757575758,260,State/Lake,"Brown, Orange, Pink,  Purple (Express), Green",1.0,0.8521212121212122,0.14787878787878783,False,,
41260,Austin-Lake,4,0.7563131313131314,1160,Clinton-Lake,"Green (Lake), Pink",1.0,0.8521212121212122,0.14787878787878783,False,,
41260,Austin-Lake,5,0.7453102453102454,1310,Paulina,Brown Line,1.0,0.8521212121212122,0.14787878787878783,False,,
41270,43rd,1,1.0,1270,43rd,Green Line,1.0,,1.0,True,,
41280,Jefferson Park,1,1.0,1280,Jefferson Park,Blue Line,1.0,0.8077922077922078,0.19220779220779216,True,,
41280,Jefferson Park,2,0.8077922077922078,390,Forest Park,Blue Line,1.0,0.8077922077922078,0.19220779220779216,False,,
41290,Kimball,1,1.0,1290,Kimball,Brown Line,1.0,,1.0,True,,
41300,Loyola,1,1.0,1300,Loyola,Red Line,1.0,,1.0,True,,
41310,Paulina,1,1.0,1310,Paulina,Brown Line,1.0,0.7571428571428572,0.24285714285714277,True,,
41310,Paulina,2,0.7571428571428572,30,Pulaski-Lake,Green Line (Lake),1.0,0.7571428571428572,0.24285714285714277,False,,
41310,Paulina,3,0.7453102453102454,1260,Austin-Lake,Green Line (Lake),1.0,0.7571428571428572,0.24285714285714277,False,,
41310,Paulina,4,0.7357142857142858,960,Pulaski-Midway,Orange Line,1.0,0.7571428571428572,0.24285714285714277,False,,
41310,Paulina,5,0.7261904761904763,270,Main,"Purple Line, Evanston Express",1.0,0.7571428571428572,0.24285714285714277,False,,
41320,Belmont-North Main,1,1.0,1320,Belmont-North Main,"Red, Brown, Purple (Express)",1.0,0.9147741147741149,0.08522588522588515,True,,
41320,Belmont-North Main,2,0.9147741147741149,60,Belmont-O'Hare,Blue Line,1.0,0.9147741147741149,0.08522588522588515,False,,
41320,Belmont-North Main,3,0.7635327635327634,1420,Addison-North Main,Red Line,1.0,0.9147741147741149,0.08522588522588515,False,,
41330,Montrose-O'Hare,1,1.0,1330,Montrose-O'Hare,Blue Line,1.0,0.8947908232118758,0.10520917678812425,True,,
41330,Montrose-O'Hare,2,0.8947908232118758,1500,Montrose-Ravenswood,Brown Line,1.0,0.8947908232118758,0.10520917678812425,False,,
41330,Montrose-O'Hare,3,0.8546969696969696,1090,Monroe/State,Red Line,1.0,0.8947908232118758,0.10520917678812425,False,,
41330,Montrose-O'Hare,4,0.8543434343434343,790,Monroe/Dearborn,Blue Line,1.0,0.8947908232118758,0.10520917678812425,False,,
41330,Montrose-O'Hare,5,0.8222222222222222,100,Morse,Red Line,1.0,0.8947908232118758,0.10520917678812425,False,,
41340,LaSalle,1,1.0,1340,LaSalle,Blue Line,1.0,0.8823529411764706,0.11764705882352944,True,,
41340,LaSalle,2,0.8823529411764706,160,LaSalle/Van Buren,"Brown, Orange, Pink, Purple (Express)",1.0,0.8823529411764706,0.11764705882352944,False,,
41340,LaSalle,3,0.7714285714285715,700,Laramie,Green Line (Lake),1.0,0.8823529411764706,0.11764705882352944,False,,
41340,LaSalle,4,0.7301587301587302,170,Ashland-Lake,"Green (Lake), Pink",1.0,0.8823529411764706,0.11764705882352944,False,,
41340,LaSalle,5,0.7103174603174603,30,Pulaski-Lake,Green Line (Lake),1.0,0.8823529411764706,0.11764705882352944,False,,
41350,Oak Park-Lake,1,1.0,1350,Oak Park-Lake,Green Line (Lake),1.0,0.8714932126696833,0.12850678733031673,True,,
41350,Oak Park-Lake,2,0.8714932126696833,180,Oak Park-Congress,Blue Line,1.0,0.8714932126696833,0.12850678733031673,False,,
41350,Oak Park-Lake,3,0.7079254079254079,1690,Cermak-McCormick Place,Green Line,1.0,0.8714932126696833,0.12850678733031673,False,,
41360,California-Lake,1,1.0,1360,California-Lake,Green Line (Lake),1.0,0.95,0.050000000000000044,True,,
41360,California-Lake,2,0.95,570,California/Milwaukee,Blue Line (O'Hare),1.0,0.95,0.050000000000000044,False,,
41360,California-Lake,3,0.9177777777777778,440,California-Douglas,Pink,1.0,0.95,0.050000000000000044,False,,
41360,California-Lake,4,0.7899999999999999,1160,Clinton-Lake,"Green (Lake), Pink",1.0,0.95,0.050000000000000044,False,,
41360,California-Lake,5,0.7833333333333332,380,Clark/Lake,"Brown, Orange, Pink, Purple (Express), Green, Blue",1.0,0.95,0.050000000000000044,False,,
41380,Bryn Mawr,1,1.0,1380,Bryn Mawr,Red Line,1.0,0.7333333333333334,0.2666666666666666,True,,
41380,Bryn Mawr,2,0.7333333333333334,340,Berwyn,Red Line,1.0,0.7333333333333334,0.2666666666666666,False,,
41400,Roosevelt,1,0.92,1400,Roosevelt/State,Red Line,0.92,0.9125,0.007500000000000062,False,,
41400,Roosevelt,2,0.9125,410,Roosevelt/Wabash,Orange & Green Lines,0.92,0.9125,0.007500000000000062,False,,
41400,Roosevelt,3,0.8,820,Rosemont,Blue Line,0.92,0.9125,0.007500000000000062,False,,
41410,Chicago/Milwaukee,1,1.0,1410,Chicago/Milwaukee,Blue Line,1.0,0.8714932126696833,0.12850678733031673,True,,
41410,Chicago/Milwaukee,2,0.8714932126696833,1450,Chicago/State,Red Line,1.0,0.8714932126696833,0.12850678733031673,False,,
41410,Chicago/Milwaukee,3,0.857843137254902,710,Chicago/Franklin,"Brown, Purple (Express)",1.0,0.8714932126696833,0.12850678733031673,False,,
41410,Chicago/Milwaukee,4,0.7797385620915033,490,Grand/Milwaukee,Blue Line (O'Hare),1.0,0.8714932126696833,0.12850678733031673,False,,
41410,Chicago/Milwaukee,5,0.771344537815126,570,California/Milwaukee,Blue Line (O'Hare),1.0,0.8714932126696833,0.12850678733031673,False,,
41420,Addison-North Main,1,1.0,1420,Addison-North Main,Red Line,1.0,0.9147741147741149,0.08522588522588515,True,,
41420,Addison-North Main,2,0.9147741147741149,1240,Addison-O'Hare,Blue Line,1.0,0.9147741147741149,0.08522588522588515,False,,
41420,Addison-North Main,3,0.8333333333333334,1440,Addison-Ravenswood,Brown Line,1.0,0.9147741147741149,0.08522588522588515,False,,
41420,Addison-North Main,4,0.7635327635327634,1320,Belmont-North Main,"Red, Brown, Purple (Express)",1.0,0.9147741147741149,0.08522588522588515,False,,
41430,87th,1,1.0,1430,87th,Red Line,1.0,0.8333333333333334,0.16666666666666663,True,,
41430,87th,2,0.8333333333333334,240,79th,Red Line,1.0,0.8333333333333334,0.16666666666666663,False,,
41430,87th,3,0.8333333333333334,830,18th,Pink,1.0,0.8333333333333334,0.16666666666666663,False,,
41440,Addison-Brown,1,0.9012820512820512,1440,Addison-Ravenswood,Brown Line,0.9012820512820512,0.8767032967032967,0.02457875457875447,False,,
41440,Addison-Brown,2,0.8767032967032967,1240,Addison-O'Hare,Blue Line,0.9012820512820512,0.8767032967032967,0.02457875457875447,False,,
41440,Addison-Brown,3,0.8732711732711733,1420,Addison-North Main,Red Line,0.9012820512820512,0.8767032967032967,0.02457875457875447,False,,
41450,Chicago/State,1,1.0,1450,Chicago/State,Red Line,1.0,0.8714932126696833,0.12850678733031673,True,,
41450,Chicago/State,2,0.8714932126696833,1410,Chicago/Milwaukee,Blue Line,1.0,0.8714932126696833,0.12850678733031673,False,,
41450,Chicago/State,3,0.8509615384615385,710,Chicago/Franklin,"Brown, Purple (Express)",1.0,0.8714932126696833,0.12850678733031673,False,,
41450,Chicago/State,4,0.7461538461538462,1660,Lake/State,Red Line,1.0,0.8714932126696833,0.12850678733031673,False,,
41450,Chicago/State,5,0.7392191142191141,330,Grand/State,Red Line,1.0,0.8714932126696833,0.12850678733031673,False,,
41460,Irving Park-Brown,1,0.9211898395721924,1460,Irving Park-Ravenswood,Brown Line,0.9211898395721924,0.9059757236227824,0.015214115949409912,False,,
41460,Irving Park-Brown,2,0.9059757236227824,550,Irving Park-O'Hare,Blue Line,0.9211898395721924,0.9059757236227824,0.015214115949409912,False,,
41480,Western-Brown,1,0.9012820512820512,1480,Western-Ravenswood,Brown Line,0.9012820512820512,0.888548951048951,0.012733100233100147,False,,
41480,Western-Brown,2,0.888548951048951,220,Western-Congress,Blue Line (Congress),0.9012820512820512,0.888548951048951,0.012733100233100147,False,,
41480,Western-Brown,3,0.8670329670329671,310,Western-Midway,Orange Line,0.9012820512820512,0.888548951048951,0.012733100233100147,False,,
41480,Western-Brown,4,0.8584615384615384,740,Western-Douglas,Pink,0.9012820512820512,0.888548951048951,0.012733100233100147,False,,
41480,Western-Brown,5,0.8443438914027149,670,Western/Milwaukee,Blue Line (O'Hare),0.9012820512820512,0.888548951048951,0.012733100233100147,False,,
41490,Harrison,1,1.0,1490,Harrison,Red Line,1.0,0.7261904761904763,0.2738095238095237,True,,
41490,Harrison,2,0.7261904761904763,630,Clark/Division,Red Line,1.0,0.7261904761904763,0.2738095238095237,False,,
41490,Harrison,3,0.7222222222222222,540,Wilson,"Purple, Red Line",1.0,0.7261904761904763,0.2738095238095237,False,,
41490,Harrison,4,0.7222222222222222,1190,Jarvis,Red Line,1.0,0.7261904761904763,0.2738095238095237,False,,
41500,Montrose-Brown,1,0.9071717755928284,1500,Montrose-Ravenswood,Brown Line,0.9071717755928284,0.8856277056277057,0.021544069965122703,False,,
41500,Montrose-Brown,2,0.8856277056277057,1330,Montrose-O'Hare,Blue Line,0.9071717755928284,0.8856277056277057,0.021544069965122703,False,,
41500,Montrose-Brown,3,0.8665656565656567,790,Monroe/Dearborn,Blue Line,0.9071717755928284,0.8856277056277057,0.021544069965122703,False,,
41500,Montrose-Brown,4,0.8285714285714285,100,Morse,Red Line,0.9071717755928284,0.8856277056277057,0.021544069965122703,False,,
41500,Montrose-Brown,5,0.7321428571428571,820,Rosemont,Blue Line,0.9071717755928284,0.8856277056277057,0.021544069965122703,False,,
41510,Morgan-Lake,1,0.9090909090909092,1510,Morgan,"Green (Lake), Pink",0.9090909090909092,0.791919191919192,0.11717171717171715,True,,
41510,Morgan-Lake,2,0.791919191919192,490,Grand/Milwaukee,Blue Line (O'Hare),0.9090909090909092,0.791919191919192,0.11717171717171715,False,,
41510,Morgan-Lake,3,0.7575757575757575,1260,Austin-Lake,Green Line (Lake),0.9090909090909092,0.791919191919192,0.11717171717171715,False,,
41510,Morgan-Lake,4,0.73989898989899,1020,Logan Square,Blue Line,0.9090909090909092,0.791919191919192,0.11717171717171715,False,,
41510,Morgan-Lake,5,0.7311688311688312,380,Clark/Lake,"Brown, Orange, Pink, Purple (Express), Green, Blue",0.9090909090909092,0.791919191919192,0.11717171717171715,False,,
41660,Lake/State,1,1.0,1660,Lake/State,Red Line,1.0,0.7787878787878788,0.2212121212121212,True,,
41660,Lake/State,2,0.7787878787878788,330,Grand/State,Red Line,1.0,0.7787878787878788,0.2212121212121212,False,,
41660,Lake/State,3,0.7634615384615385,560,Jackson/State,Red Line,1.0,0.7787878787878788,0.2212121212121212,False,,
41660,Lake/State,4,0.7611111111111111,1090,Monroe/State,Red Line,1.0,0.7787878787878788,0.2212121212121212,False,,
41660,Lake/State,5,0.7461538461538462,1450,Chicago/State,Red Line,1.0,0.7787878787878788,0.2212121212121212,False,,
41670,Conservatory,1,0.896,1670,Conservatory-Central Park,Green Line (Lake),0.896,0.7242063492063493,0.17179365079365072,False,,
41670,Conservatory,2,0.7242063492063493,820,Rosemont,Blue Line,0.896,0.7242063492063493,0.17179365079365072,False,,
41680,Oakton-Skokie,1,1.0,1680,Oakton-Skokie,Yellow Line,1.0,,1.0,True,,
41690,Cermak-McCormick Place,1,1.0,1690,Cermak-McCormick Place,Green Line,1.0,0.7079254079254079,0.2920745920745921,True,,
41690,Cermak-McCormick Place,2,0.7079254079254079,1350,Oak Park-Lake,Green Line (Lake),1.0,0.7079254079254079,0.2920745920745921,False,,
41700,Washington/Wabash,1,1.0,1700,Washington/Wabash,"Brown, Orange, Pink,  Purple (Express), Green",1.0,0.9154411764705882,0.0845588235294118,True,,
41700,Washington/Wabash,2,0.9154411764705882,730,Washington/Wells,"Brown, Orange, Pink, Purple (Express)",1.0,0.9154411764705882,0.0845588235294118,False,,
41700,Washington/Wabash,3,0.8897832817337461,370,Washington/Dearborn,Blue Line,1.0,0.9154411764705882,0.0845588235294118,False,,
41700,Washington/Wabash,4,0.733529411764706,1210,Wellington,"Brown, Purple (Express)",1.0,0.9154411764705882,0.0845588235294118,False,,
41700,Washington/Wabash,5,0.7044117647058824,410,Roosevelt/Wabash,Orange & Green Lines,1.0,0.9154411764705882,0.0845588235294118,False,,
41710,Damen-Lake,1,0.9333333333333332,590,Damen/Milwaukee,Blue Line,0.9333333333333332,0.9,0.033333333333333215,False,,
41710,Damen-Lake,2,0.9,210,Damen,Pink,0.9333333333333332,0.9,0.033333333333333215,False,,
41710,Damen-Lake,3,0.86,90,Damen-Ravenswood,Brown Line,0.9333333333333332,0.9,0.033333333333333215,False,,
41710,Damen-Lake,4,0.8007575757575758,20,Harlem-Lake,Green Line (Lake),0.9333333333333332,0.9,0.033333333333333215,False,,
41710,Damen-Lake,5,0.7999999999999999,260,State/Lake,"Brown, Orange, Pink,  Purple (Express), Green",0.9333333333333332,0.9,0.033333333333333215,False,,
