GEOID,community_area,weight
17031030101,77,1.0
17031030701,77,1.0
17031070103,7,1.0
17031807900,12,1.0
17031808001,12,1.0
17031808002,2,0.9964425770492809
17031808002,13,0.0035574229507190774
17031770602,76,1.0
17031831900,5,9.103074770234243e-06
17031831900,6,0.9999908969252298
17031832600,7,0.9918755340684857
17031832600,8,6.19751126741315e-05
17031832600,22,1.3748380257704012e-06
17031832600,24,0.008061115980814364
17031836900,27,1.0
17031841200,28,0.022016206102522147
17031841200,29,0.004890671606347761
17031841200,30,0.008829213233921957
17031841200,31,0.964263909057208
17031839500,35,1.0
17031835800,38,1.0
17031838800,50,0.002604913895024695
17031838800,51,0.9957403285878809
17031838800,52,5.855412495005832e-05
17031838800,54,0.0003587765522412217
17031838800,55,0.0012374268399030482
17031842300,7,2.4949482082919087e-05
17031842300,8,0.017649601675882955
17031842300,22,0.0002681663294416778
17031842300,24,0.9820415906278109
17031842300,28,1.5691884781607344e-05
17031841900,28,0.9981430593933539
17031841900,31,1.3429615694037184e-05
17031841900,32,0.00011236858624093551
17031841900,33,0.0017311424047111107
17031843200,28,0.00028314761827609046
17031843200,31,0.9933986947636663
17031843200,33,1.8637479356466482e-06
17031843200,34,0.002577731647751188
17031843200,59,0.0018137621905035405
17031843200,60,0.0019248000318673156
17031843400,29,0.9839519474420849
17031843400,30,0.01604805255791508
17031842600,37,0.0019263769347444887
17031842600,59,7.411863440487361e-07
17031842600,60,8.538773555356867e-06
17031842600,61,0.9980643431053561
17031301803,30,1.0
17031320101,8,0.006424304445848754
17031320101,32,0.9935756955541513
17031330103,33,1.0
17031380600,34,1.9754800003161722e-07
17031380600,35,5.746626601051424e-06
17031380600,37,5.184904794976787e-05
17031380600,38,0.9999422067774492
17031330102,32,0.0072135948137379245
17031330102,33,0.992786405186262
17031330101,32,0.0029898820962729676
17031330101,33,0.9970101179037271
17031460800,46,0.9999813673326012
17031460800,48,1.863266739880885e-05
17031630600,58,0.007467378543655196
17031630600,61,0.0005467752769445969
17031630600,63,0.9919858461794002
17031490200,44,0.00011053097907129835
17031490200,49,0.9998894690209287
17031612200,61,1.0
17031844700,29,0.9998609413869323
17031844700,30,0.00013905861306771458
17031844600,37,0.00032927334013592365
17031844600,38,0.9996707266598641
17031320102,8,0.006808605492994987
17031320102,32,0.993191394507005
17031220701,22,1.0
17031063302,6,0.9999796278857176
17031063302,7,2.0372114282358185e-05
17031252201,25,1.0
17031660302,63,6.283597627726234e-06
17031660302,66,0.9999937164023722
17031660301,66,1.0
17031730202,71,0.0014736045375627553
17031730202,73,0.9985263954624373
17031813302,25,0.008414005681776277
17031813302,29,0.9915859943182237
17031813301,25,1.0
17031835600,37,0.9956277049873846
17031835600,38,0.0032427050685978694
17031835600,40,0.0010694575975039391
17031835600,61,3.0679335958334855e-09
17031835600,68,6.012927858006745e-05
17031840000,34,0.03360300682825586
17031840000,60,0.966381458213027
17031840000,61,1.553495871716587e-05
17031836400,36,0.9994856448659821
17031836400,38,7.228420616403787e-05
17031836400,39,0.0004420709278538571
17031836100,37,0.0005695319070775713
17031836100,38,2.7823135988505664e-05
17031836100,40,0.999399584776443
17031836100,41,3.0496346923320255e-06
17031836100,68,1.054579856670027e-08
17031834600,37,8.110460529635531e-06
17031834600,40,0.0009250232681728217
17031834600,61,7.394689638031042e-06
17031834600,68,0.9990425592220723
17031834600,69,1.6912359587310046e-05
17031843600,38,0.999849700911117
17031843600,39,0.00013448529790540653
17031843600,40,1.5813029780295623e-05
17031843600,41,7.611972268825305e-10
17031061902,6,1.0
17031030102,77,1.0
17031030103,77,1.0
17031030706,3,2.278084034175387e-05
17031030706,77,0.9999772191596582
17031030601,77,1.0
17031081202,8,1.0
17031063303,6,0.9981168466123539
17031063303,7,0.0018831533876460433
17031220901,20,0.0002153050325792208
17031220901,22,0.9997846949674207
17031210602,21,0.9999240784598133
17031210602,22,7.592154018670142e-05
17031220602,21,0.00011837716062094242
17031220602,22,0.9998816228393791
17031220601,22,1.0
17031040401,4,1.0
17031252202,25,0.9999773930591229
17031252202,26,2.260694087717627e-05
17031252102,25,1.0
17031836300,39,1.6174470078091322e-05
17031836300,40,1.3295762242089035e-05
17031836300,41,0.9999705297676799
17031834500,40,0.9984052668960287
17031834500,68,0.001574637906153647
17031834500,69,2.0095197817559096e-05
17031836000,36,5.376936019070832e-10
17031836000,38,0.9999221093099043
17031836000,39,7.789015240209093e-05
17031836200,40,1.6717910772119936e-05
17031836200,41,0.9998982756122147
17031836200,42,8.500647701323756e-05
17031834400,42,0.9999555919240463
17031834400,69,4.440807595371886e-05
17031834300,43,2.1765317185932192e-05
17031834300,44,0.02367288140694602
17031834300,45,0.9750457436613319
17031834300,48,1.5335256741214844e-05
17031834300,69,0.0012442743577948403
17031070101,6,0.006664796211894504
17031070101,7,0.9933352037881055
17031110501,11,0.9999837410796221
17031110501,12,1.62589203779264e-05
17031030104,1,0.009489458985118566
17031030104,77,0.9905105410148815
17031081401,8,1.0
17031430102,42,1.7412550457861864e-10
17031430102,43,0.9999999998258745
17031770902,10,0.013228911157081451
17031770902,76,0.9867710888429185
17031430101,42,1.0895447932134452e-05
17031430101,43,0.9999891045520679
17031252101,25,1.0
17031010501,1,1.0
17031020701,2,0.9947741345955948
17031020701,4,4.8773518554937775e-05
17031020701,13,0.005177091885850291
17031010201,1,0.9999918235874536
17031010201,2,8.176412546448588e-06
17031760801,10,0.0003592843997512156
17031760801,76,0.9996407156002487
17031839000,28,0.007319654637486917
17031839000,32,0.992680345362513
17031440201,44,0.9999856156438177
17031440201,69,1.4384356182294049e-05
17031540101,54,1.0
17031834000,44,0.0008688213489620976
17031834000,49,0.999131178651038
17031833900,46,0.9918538522487882
17031833900,48,5.402580635811698e-06
17031833900,52,0.008140745170575916
17031221000,22,1.0
17031221100,22,1.0
17031242800,23,0.0026076462896703406
17031242800,24,0.9973912759589819
17031242800,28,1.0777513477245241e-06
17031242900,24,0.9997600400561746
17031242900,28,0.00023995994382538217
17031243000,24,0.9993983607136672
17031243000,28,0.0006016392863329012
17031243100,24,0.9999463642526085
17031243100,28,5.3635747391410104e-05
17031243200,24,0.9999246803554086
17031243200,28,7.531964459149031e-05
17031243300,24,0.9964360287605278
17031243300,28,0.0035639712394721157
17031243400,24,0.9999219114678489
17031243400,28,7.808853215101596e-05
17031071400,7,1.0
17031110400,11,0.9999640770334407
17031110400,15,3.5922966559348624e-05
17031150600,15,0.9999871119635898
17031150600,17,1.2888036410168604e-05
17031150700,15,1.0
17031150800,15,1.0
17031151100,15,0.9999426339209853
17031151100,19,5.736607901484708e-05
17031151200,15,0.9999077249124599
17031151200,17,1.7827841323259527e-05
17031151200,19,7.444724621676831e-05
17031241500,24,1.0
17031241100,24,1.0
17031241600,24,1.0
17031241300,24,1.0
17031241400,24,1.0
17031243500,24,0.9999119733125654
17031243500,28,8.802668743450187e-05
17031250200,19,0.023818775826967818
17031250200,25,0.9761812241730322
17031250300,19,0.007787829189628234
17031250300,25,0.9922121708103717
17031250400,19,0.0004024063813350573
17031250400,25,0.9995975936186648
17031250500,18,0.0028055492860013494
17031250500,19,0.0005039568531155186
17031250500,25,0.9966904938608832
17031071500,7,0.9931899478395141
17031071500,8,0.006810052160485774
17031071800,7,0.9999317554923641
17031071800,8,6.824450763593781e-05
17031080100,7,4.81931386379099e-05
17031080100,8,0.9999518068613621
17031080300,7,3.502684378291452e-05
17031080300,8,0.999964973156217
17031080400,7,2.3628137384204122e-06
17031080400,8,0.9999976371862616
17031160100,12,1.448203897707756e-09
17031160100,14,5.5478380335738354e-05
17031160100,15,0.0033594398331276546
17031160100,16,0.9965850803383327
17031160200,14,9.53885367285426e-06
17031160200,15,0.001290745044362727
17031160200,16,0.9986997161019644
17031160300,14,2.8955767773662174e-06
17031160300,16,0.9999971044232226
17031160400,14,1.2470819002437386e-05
17031160400,16,0.9999875291809975
17031160700,5,0.0008312625506745497
17031160700,16,0.9991338890577602
17031160700,21,3.4848391565185104e-05
17031221300,22,1.0
17031221500,22,1.0
17031221400,22,1.0
17031250600,25,1.0
17031250700,25,1.0
17031250800,25,1.0
17031251000,25,1.0
17031251100,25,1.0
17031051400,5,0.9966994877335622
17031051400,7,4.995907392430212e-05
17031051400,22,0.003250553192513484
17031060100,3,9.618106455799649e-05
17031060100,6,0.999903818935442
17031060300,5,0.0003596793297557369
17031060300,6,0.9996403206702442
17031060800,3,0.004784323444761792
17031060800,6,0.9952156765552382
17031160800,16,0.9999719234485971
17031160800,21,2.807655140295474e-05
17031160900,16,0.9999547076134682
17031160900,21,4.52923865318132e-05
17031161000,16,0.9999999997353909
17031161000,21,2.64609109748175e-10
17031161100,15,0.0030362174430766642
17031161100,16,0.9969637825569233
17031161200,15,0.001368330916215246
17031161200,16,0.9985577548639085
17031161200,20,7.310665072663087e-05
17031161200,21,8.075691495503191e-07
17031161300,16,0.9998442034345821
17031161300,21,0.00015579656541781536
17031170100,15,5.008540154395456e-05
17031170100,17,0.9999499145984561
17031221600,22,1.0
17031242100,24,1.0
17031242000,24,1.0
17031251200,25,1.0
17031251300,25,1.0
17031051300,5,0.9999130727172135
17031051300,6,3.601154798973239e-05
17031051300,7,5.0915734796772666e-05
17031600700,31,0.020958257704282342
17031600700,60,0.9790417422957176
17031600900,60,1.0
17031821200,53,0.1927973437080136
17031821200,75,0.8072026562919864
17031672000,66,0.010465273814275177
17031672000,67,0.971505681926592
17031672000,71,0.018029044259132706
17031710900,44,0.004600179934738057
17031710900,49,0.0018837667937505289
17031710900,69,2.008253677790621e-07
17031710900,71,0.9935158524461436
17031711000,71,1.0
17031711100,71,1.0
17031711200,70,0.006606974628116977
17031711200,71,0.9933922848625432
17031711200,72,7.405093398096438e-07
17031711500,49,0.010274283473437123
17031711500,71,0.9895129233336957
17031711500,73,0.00021279319286726143
17031711300,71,0.9971513945300613
17031711300,72,0.0027767857070429866
17031711300,73,7.181976289572336e-05
17031711400,71,0.9995317422254828
17031711400,73,0.00046825777451724935
17031270500,26,0.005136444942181007
17031270500,27,0.9947611589915762
17031270500,29,0.0001023960662427749
17031271200,27,1.0
17031271300,27,1.0
17031271400,27,1.0
17031350100,33,0.002693778232309847
17031350100,35,0.9973062217676902
17031350400,33,3.226204226819327e-05
17031350400,34,0.0025532119616856605
17031350400,35,0.9974145259960462
17031351000,35,0.9999443029079463
17031351000,36,5.5697092053628574e-05
17031351400,35,0.9999666097349641
17031351400,38,3.3390265035902036e-05
17031360200,35,0.0008815357176828777
17031360200,36,0.9989835389186419
17031360200,38,0.00013492536367526285
17031430400,43,0.9820773476876486
17031430400,69,0.017922652312351305
17031430600,43,1.0
17031430800,43,1.0
17031430500,43,1.0
17031430900,43,1.0
17031610300,58,2.2400941340675167e-05
17031610300,59,2.9711208871624085e-05
17031610300,61,0.9999478878497876
17031681000,67,5.024117951316383e-05
17031681000,68,0.9999497588204869
17031681100,67,7.169900678091183e-06
17031681100,68,0.9999928300993219
17031680500,61,8.973006771483712e-06
17031680500,67,2.6346128458372596e-05
17031680500,68,0.9999646808647702
17031680900,68,0.999949131072553
17031680900,69,5.086892744699337e-05
17031810000,1,1.0
17031720100,71,2.791542929447431e-09
17031720100,72,0.9993575181566235
17031720100,73,0.000642479051833504
17031720200,72,0.9908902369705936
17031720200,73,0.009109763029406331
17031720300,72,1.0
17031720400,72,1.0
17031720500,72,0.999752527923528
17031720500,74,0.00020477298345813967
17031720500,75,4.269909301388343e-05
17031720600,72,0.9999602454351341
17031720600,75,3.975456486594218e-05
17031720700,72,0.9998862391574708
17031720700,73,3.0305177367020206e-05
17031720700,75,8.345566516223625e-05
17031040600,4,1.0
17031040700,4,0.9893900931612949
17031040700,14,0.01060990683870514
17031040800,4,0.9925492120427196
17031040800,5,9.307922671726396e-05
17031040800,14,0.007357273629608854
17031040800,16,4.351009542309217e-07
17031825801,54,0.023044915848285445
17031825801,55,0.9769550841517145
17031380100,36,0.001614555330118141
17031380100,38,0.9983854446698819
17031380200,35,6.208390058092724e-06
17031380200,36,1.8626755694365154e-09
17031380200,38,0.9999937897472664
17031431200,43,0.9999251089857176
17031431200,46,7.489101428240951e-05
17031431400,43,0.9986781895567434
17031431400,46,0.0013218104432566715
17031810200,1,0.6749879268902457
17031810200,2,0.3250120731097543
17031810301,2,1.0
17031050100,4,1.1694605827103162e-05
17031050100,5,0.9998905251701107
17031050100,6,9.778022406227395e-05
17031610800,37,0.03706267752463264
17031610800,61,0.9629373224753673
17031611300,61,1.0
17031611400,61,1.0
17031611500,58,7.83656997020248e-06
17031611500,61,0.9697574201725351
17031611500,63,0.030234743257494676
17031611900,61,0.9999096785956879
17031611900,67,9.03214043121552e-05
17031681200,68,0.9999574429085148
17031681200,69,4.2557091485146227e-05
17031810400,9,2.6355454487257728e-09
17031810400,10,0.9982173554331392
17031810400,76,0.0017826419313153197
17031810701,17,0.22250244356707843
17031810701,18,0.7774975564329216
17031810702,18,0.9763606851988971
17031810702,25,0.023639314801102918
17031810600,10,0.0015552481359822309
17031810600,11,0.0076556828887072974
17031810600,15,0.8708822226946628
17031810600,17,0.11990684628064788
17031691200,44,0.00015684940570534614
17031691200,68,0.0006277207358438523
17031691200,69,0.9992062499659667
17031691200,71,9.179892483955281e-06
17031691100,68,1.0031994971782103e-05
17031691100,69,0.9999899680050283
17031730100,49,0.010379412734281687
17031730100,71,0.00032878008807815006
17031730100,73,0.9892918071776402
17031730300,71,2.312394254045191e-05
17031730300,72,0.014880400315549318
17031730300,73,0.9850964757419103
17031730400,72,0.013865913164755541
17031730400,73,0.9861340868352445
17031730500,49,0.008342052601989213
17031730500,73,0.9916579473980108
17031730600,72,2.3333118057204627e-07
17031730600,73,0.9999997666688194
17031381200,38,1.0
17031381400,38,1.0
17031381700,37,0.0010569477469463831
17031381700,38,0.998898978448142
17031381700,40,4.4073804911543806e-05
17031440300,44,0.9999963089550874
17031440300,69,3.6910449126426343e-06
17031810800,17,1.0
17031810900,25,1.0
17031612000,61,0.9998979726651309
17031612000,68,0.00010202733486900564
17031612100,61,0.9999828603905759
17031612100,68,1.7139609424012177e-05
17031620100,57,0.0050099428312897635
17031620100,58,0.0018446121576769208
17031620100,62,0.9887479974081416
17031620100,63,0.004397447602891703
17031620200,56,0.0019488678004772645
17031620200,57,0.004950245057042685
17031620200,62,0.99310088714248
17031620300,56,0.006329664564545104
17031620300,62,0.9936104991091648
17031620300,64,1.6978209588560028e-08
17031620300,65,5.981934808057795e-05
17031620400,62,0.9883786722551501
17031620400,63,0.011567501427790118
17031620400,65,5.382631705980904e-05
17031810501,17,0.2951765264181413
17031810501,76,0.7048234735818587
17031810502,17,1.0
17031812200,25,1.0
17031730700,49,2.616772902037688e-05
17031730700,72,2.9593956143095152e-05
17031730700,73,0.9998839304026416
17031730700,75,6.030791219490015e-05
17031740100,72,0.0004677859459545314
17031740100,74,0.9981957766977998
17031740100,75,0.001336437356245624
17031740200,74,1.0
17031740300,74,1.0
17031740400,74,1.0
17031381800,38,0.9999070971411997
17031381800,40,9.290285880022358e-05
17031381900,38,0.9998993604202205
17031381900,40,0.00010063957977942802
17031390100,36,0.0016895912545638117
17031390100,39,0.9983104087454362
17031390200,36,2.0109954861792554e-05
17031390200,39,0.9999798900451382
17031390300,36,1.3213385520109477e-05
17031390300,38,3.7746615355293136e-05
17031390300,39,0.9999490399991245
17031390400,38,8.467248110478665e-06
17031390400,39,0.9998799404353037
17031390400,41,0.0001115923165859151
17031390500,39,0.999948754949064
17031390500,41,5.1245050935978425e-05
17031390600,39,0.9999568684167306
17031390600,41,4.31315832694677e-05
17031390700,39,0.9991772659731716
17031390700,41,0.0008227340268284699
17031812500,25,1.0
17031440600,44,0.9988582373407424
17031440600,49,0.0011417626592575621
17031440900,44,0.9999398800306676
17031440900,47,8.247009091261754e-06
17031440900,49,5.187296024126482e-05
17031440700,44,1.0
17031440800,44,0.9990595860797343
17031440800,47,0.0009404139202656778
17031630300,58,0.014206805231174745
17031630300,62,0.0002160530785525427
17031630300,63,0.9855771416902727
17031630500,63,1.0
17031630800,63,0.9999040695880458
17031630800,66,9.59304119541639e-05
17031630900,62,0.001041896441893942
17031630900,63,0.9988755186643158
17031630900,65,1.9909347852605166e-06
17031630900,66,8.059395900505815e-05
17031640100,56,5.2631047838736846e-06
17031640100,64,0.9999947368952161
17031640300,56,0.0017179727384452799
17031640300,64,0.9982820272615548
17031750100,49,2.5441383294150514e-05
17031750100,72,3.873731406210477e-06
17031750100,73,1.4902319902852457e-05
17031750100,75,0.9999557825653967
17031750200,72,8.2100421699907e-05
17031750200,75,0.9999178995783
17031750300,72,2.547710811659427e-05
17031750300,75,0.9999745228918834
17031750400,75,1.0
17031750500,53,1.0197297754664238e-05
17031750500,75,0.9999898027022454
17031282700,27,0.00486909780639543
17031282700,28,0.9951308950943695
17031282700,29,7.099235120197595e-09
17031282800,28,1.0
17031400300,40,0.9998308348376972
17031400300,41,0.00012139889269583036
17031400300,42,4.776626960697266e-05
17031400500,40,1.0
17031400800,40,0.999860465142393
17031400800,42,5.0127600670369716e-05
17031400800,69,8.940725693670879e-05
17031410100,39,0.0019812816920171776
17031410100,41,0.9980187183079828
17031410500,40,6.623018856752155e-05
17031410500,41,0.9999337698114324
17031410600,41,1.0
17031460100,43,0.0016514856784146407
17031460100,46,0.9939440929685269
17031460100,52,0.004404421353058527
17031450300,43,6.419568821688005e-06
17031450300,45,0.9997585178005814
17031450300,46,0.0001687565724839117
17031450300,48,6.630605811301197e-05
17031460200,46,1.0
17031640400,56,3.3521861067326433e-06
17031640400,64,0.9999966478138933
17031640500,64,1.0
17031640600,64,1.0
17031640700,64,1.0
17031640800,64,0.9997706359958394
17031640800,65,0.0002293640041605338
17031650100,62,7.68448185173686e-06
17031650100,63,2.7431964445178145e-07
17031650100,65,0.9999367087822097
17031650100,66,5.533241629409141e-05
17031650200,56,2.5575568046588936e-07
17031650200,62,4.26629865361839e-06
17031650200,64,0.005117142536557757
17031650200,65,0.9948783354091082
17031750600,49,3.662510975279231e-05
17031750600,53,7.791623189219237e-05
17031750600,75,0.999885458658355
17031812600,25,1.0
17031820300,56,0.9931604929974892
17031820300,64,0.006839507002510854
17031820400,64,1.0
17031820902,65,0.30040176891452086
17031820902,70,0.6995982310854791
17031283100,28,1.0
17031283800,28,0.999966738928941
17031283800,31,3.326107105912111e-05
17031410700,41,1.0
17031410800,41,1.0
17031410900,41,1.0
17031411000,41,0.9963595525505219
17031411000,42,0.003640447449478093
17031411100,41,0.9999222272527164
17031411100,42,7.777274728360603e-05
17031411200,41,0.9999767565463521
17031411200,42,2.3243453647894858e-05
17031460400,43,1.118750446726713e-05
17031460400,46,0.9999888124955327
17031460500,43,3.981146164533976e-06
17031460500,45,3.287289981428656e-05
17031460500,46,0.9999631459540211
17031461000,46,0.9802231476064527
17031461000,48,5.6191815391199525e-05
17031461000,51,3.0397124623367683e-05
17031461000,52,0.01969026345353278
17031813000,25,1.0
17031813100,25,1.0
17031821102,70,1.0
17031420100,41,0.004044456373128863
17031420100,42,0.9959555436268711
17031420200,41,4.874536099262237e-05
17031420200,42,0.9999512546390074
17031420400,41,2.651535788278481e-07
17031420400,42,0.9999997348464211
17031420700,42,0.9999698953746723
17031420700,69,3.010462532772455e-05
17031805402,9,1.0
17031420800,42,0.9999554025614088
17031420800,69,4.4597438591269646e-05
17031470100,44,0.004827017708531038
17031470100,45,2.2797994734237446e-08
17031470100,47,0.9925570701428514
17031470100,48,0.0025126728465791432
17031470100,49,3.572832933058958e-06
17031470100,50,1.6685279078358198e-05
17031470100,51,8.295839203223655e-05
17031480100,45,1.1622422132178506e-05
17031480100,48,0.9999883775778677
17031480200,45,3.312432106595117e-05
17031480200,47,1.1370860522339898e-05
17031480200,48,0.9999555048184117
17031480300,47,0.0030251632476714168
17031480300,48,0.996764959320993
17031480300,51,0.00020987743133557782
17031480400,48,0.9989025315106095
17031480400,51,0.0010974684893905538
17031805502,9,1.0
17031805600,9,1.0
17031650400,65,0.9918651352607152
17031650400,66,0.0060333914367560765
17031650400,70,0.0021014733025287026
17031650500,64,1.1343414976965935e-06
17031650500,65,0.9973645326017934
17031650500,70,0.002634333056708882
17031660400,63,5.208525964812548e-06
17031660400,65,5.231487909825272e-06
17031660400,66,0.9999895599861253
17031813400,25,1.0
17031821401,53,1.0
17031805702,76,1.0
17031821402,53,1.0
17031821600,70,0.9874888609350108
17031821600,72,0.01251113906498919
17031821700,74,1.0
17031290900,25,3.352704316635191e-08
17031290900,29,0.9999999664729569
17031291200,29,1.0
17031421200,42,0.9991857417795366
17031421200,69,0.000814258220463477
17031271500,27,0.9999707905334501
17031271500,29,2.920946654996564e-05
17031292200,29,1.0
17031292400,29,0.9993633533625582
17031292400,30,0.000636646637441839
17031292500,29,1.0
17031271800,27,0.9999509658949405
17031271800,29,4.9034105059440536e-05
17031280100,8,0.005382358620358861
17031280100,24,0.02266973129944534
17031280100,28,0.9719479100801959
17031280400,24,1.4384355228041113e-05
17031280400,28,0.999985615644772
17031300600,29,6.10628214529075e-06
17031300600,30,0.9999938937178547
17031300700,29,3.532834131198616e-05
17031300700,30,0.999964671658688
17031301100,30,1.0
17031301200,30,1.0
17031480500,45,1.456369065783002e-08
17031480500,46,2.5316919902269223e-05
17031480500,48,0.9999246116868993
17031480500,51,5.005682950775729e-05
17031490500,47,1.936356172951026e-07
17031490500,49,0.9999835193442767
17031490500,50,1.6287020106024686e-05
17031520200,51,0.00962539813360036
17031520200,52,0.9903746018663997
17031520300,51,0.001392881192196961
17031520300,52,0.9986071188078031
17031520400,52,1.0
17031520500,52,0.9946801719646022
17031520500,55,0.005319828035397832
17031520600,51,0.0036648691655770532
17031520600,52,0.9929399849480852
17031520600,55,0.0033951458863377155
17031660500,65,1.140204447261309e-07
17031660500,66,0.9999998859795552
17031660600,66,1.0
17031660700,66,0.9998743370491645
17031660700,67,0.0001256629508355105
17031660800,66,1.0
17031660900,65,0.0003417687397137283
17031660900,66,0.9996582312602863
17031661000,66,0.9873632021000639
17031661000,70,0.01248284037592683
17031661000,71,0.00015395752400930348
17031280900,28,1.0
17031301600,30,1.0
17031490600,49,1.0
17031490700,49,1.0
17031490800,49,0.9999701031296666
17031490800,50,2.9896870333321542e-05
17031491000,49,1.0
17031491100,49,0.9999816734065182
17031491100,73,6.38424550333213e-06
17031491100,75,1.1942347978407896e-05
17031530200,49,1.5363605978752588e-05
17031530200,53,0.9999846363940214
17031530300,53,0.9999803105996918
17031530300,75,1.9689400308190893e-05
17031530400,53,1.0
17031530600,53,0.9944430098532137
17031530600,54,0.005556990146786272
17031560100,30,0.0012848383454477034
17031560100,56,0.9944585940651577
17031560100,57,0.004256567589394611
17031670200,61,9.941940788833566e-06
17031670200,67,0.9999900580592112
17031670300,61,1.492807079135549e-05
17031670300,67,0.9999850719292086
17031670400,61,1.2307506285215304e-05
17031670400,67,0.9999876924937149
17031661100,66,0.9888941631335767
17031661100,70,0.011105836866423333
17031670100,61,1.3239051071517156e-05
17031670100,67,0.9999199030059429
17031670100,68,6.68579429854669e-05
17031670600,67,1.0
17031670700,67,1.0
17031670800,67,1.0
17031670900,67,0.9999003299632416
17031670900,68,9.96700367583478e-05
17031260900,26,0.9999027101599601
17031260900,27,7.468546435298859e-05
17031260900,29,2.2604375686921465e-05
17031261000,25,0.0031554431295436175
17031261000,26,0.9966685764379375
17031261000,29,0.0001759804325188857
17031281900,28,0.9941085781998718
17031281900,32,0.005891421800128242
17031310200,28,6.127153604964306e-05
17031310200,31,0.9999387284639503
17031310300,28,1.2249326197488624e-05
17031310300,31,0.9999877506738025
17031310400,28,1.8489222091374024e-05
17031310400,31,0.9999815107779086
17031310500,31,1.0
17031491200,49,0.9998814602410092
17031491200,53,7.429511314576971e-05
17031491200,75,4.424464584495069e-05
17031491300,49,0.9999308201701526
17031491300,53,6.917982984744657e-05
17031491400,49,0.9999079304752658
17031491400,50,2.732506575965185e-05
17031491400,53,6.053494758953064e-05
17031491400,54,4.2095113849146735e-06
17031500100,47,1.1474230565004704e-05
17031500100,49,8.240018227739241e-06
17031500100,50,0.9998550287060414
17031500100,51,0.00012525704516590185
17031500200,49,9.11781151065436e-06
17031500200,50,0.9981341380591565
17031500200,51,0.0018567441293326958
17031500300,49,1.1002988637627233e-05
17031500300,50,0.9994520131980221
17031500300,51,3.852910335795954e-05
17031500300,54,0.0004984547099822132
17031560200,56,1.0
17031560300,56,1.0
17031560700,56,1.0
17031560800,56,1.0
17031560900,56,1.0
17031561000,56,0.9999422985830768
17031561000,64,5.7701416923118725e-05
17031010300,1,1.0
17031010400,1,0.9999604899863327
17031010400,77,3.951001366740496e-05
17031010600,1,0.9999767900862618
17031010600,77,2.3209913738198922e-05
17031020100,1,0.00012931699759959514
17031020100,2,0.9998706830024005
17031280800,27,0.00032366695395755473
17031280800,28,0.9996763330460425
17031420300,41,1.0341576975261706e-05
17031420300,42,0.9999896584230248
17031100200,9,1.2970006440742152e-06
17031100200,10,0.9965359685751852
17031100200,11,1.0245714097400923e-05
17031100200,12,0.003452488710073238
17031020200,2,1.0
17031130200,12,0.000817093245861318
17031130200,13,0.9991467699534213
17031130200,14,3.6136800717248786e-05
17031020400,1,6.605488989868739e-05
17031020400,2,0.9999339451101014
17031080202,8,1.0
17031240200,22,0.005370318189071373
17031240200,24,0.9946296818109286
17031611800,61,0.9998990509927577
17031611800,67,0.00010094900724223352
17031060200,3,1.0410969398091071e-05
17031060200,5,4.9065552575245427e-05
17031060200,6,0.9999405234780268
17031221200,22,1.0
17031826500,54,1.0
17031061200,6,1.0
17031030200,1,1.5812027057377176e-05
17031030200,77,0.9999841879729426
17031030300,1,4.129235295659228e-06
17031030300,2,1.420700428311208e-05
17031030300,77,0.9999816637604212
17031030400,4,2.3853006526396814e-05
17031030400,77,0.9999761469934736
17031030900,3,4.019253862564686e-05
17031030900,4,4.280338151074195e-05
17031030900,77,0.9999170040798636
17031031000,3,0.9999585294302309
17031031000,4,3.322408039004573e-05
17031031000,77,8.2464893790695e-06
17031980000,76,1.0
17031600600,31,0.019152332471951056
17031600600,60,0.980847667528049
17031811900,25,1.0
17031420600,40,5.148223013747809e-06
17031420600,42,0.9999948517769862
17031110100,10,0.000309713668704564
17031110100,11,0.9931597104269994
17031110100,12,0.00653057590429608
17031031400,3,0.9999862252085526
17031031400,6,1.3774791447257444e-05
17031040900,4,0.9998844408648389
17031040900,5,0.00011555913516117369
17031050200,4,4.2038991912345195e-06
17031050200,5,0.9999957961008088
17031050300,4,9.726781557616037e-06
17031050300,5,0.9976202031309895
17031050300,16,0.0023700700874528364
17031071700,7,0.9993798756336728
17031071700,8,0.0006201243663271499
17031031800,3,0.999950677059364
17031031800,4,4.9322940636015333e-05
17031811600,76,1.0
17031031700,3,1.0
17031610400,61,1.0
17031050600,5,0.999596734066165
17031050600,6,0.0004032659338350548
17031050500,5,1.0
17031071600,7,1.0
17031671400,66,0.021266893742329762
17031671400,67,0.9787331062576703
17031062300,6,1.0
17031630400,63,1.0
17031822802,74,1.0
17031010100,1,1.0
17031680600,67,4.633036632417413e-05
17031680600,68,0.9999536696336759
17031807800,12,1.0
17031811100,17,0.10672302609861843
17031811100,76,0.8932769739013816
17031030500,77,1.0
17031990000,3,0.4391613821125604
17031990000,32,0.5608386178874396
17031020500,1,7.87950007494143e-06
17031020500,2,0.9999921204999251
17031081300,8,1.0
17031081000,8,1.0
17031130100,2,0.00020912545193764014
17031130100,12,0.00010393555641361704
17031130100,13,0.9996869389916487
17043840000,76,1.0
17031170200,15,4.1990322620110554e-05
17031170200,17,0.9999580096773799
17031170300,17,1.0
17031170400,17,1.0
17031170500,17,0.9955403176418547
17031170500,76,0.004459682358145297
17031170600,17,0.9999724526962906
17031170600,76,2.7547303709363017e-05
17031170700,17,1.0
17031170800,17,1.0
17031251400,25,1.0
17031260300,23,0.0013111465212555305
17031260300,26,0.9986888534787445
17031260500,25,0.004972536431502243
17031260500,26,0.9950274635684978
17031260600,26,1.0
17031260700,26,1.0
17031260800,26,0.9999647790975601
17031260800,27,3.522090243987737e-05
17031050700,5,0.9986244360414942
17031050700,6,0.0013755639585058138
17031050900,5,1.0
17031051000,5,1.0
17031051100,5,1.0
17031051200,5,0.9999234249546073
17031051200,6,7.657504539272933e-05
17031170900,17,0.9999589278839593
17031170900,18,4.10721160405742e-05
17031171000,17,0.9999233500355063
17031171000,18,6.505229087857004e-05
17031171000,19,1.159767361517378e-05
17031171100,15,3.4218464255123247e-05
17031171100,17,0.9998613742107798
17031171100,19,0.00010440732496504083
17031180100,17,9.383179064360012e-06
17031180100,18,0.9990982030307312
17031180100,19,0.0008924137902045387
17031190100,15,9.024263997987415e-06
17031190100,19,0.9988552867184034
17031190100,20,0.001135689017598661
17031222200,22,0.9998274633227475
17031222200,24,0.00017253667725250033
17031222500,22,0.9860288559539672
17031222500,24,0.013971144046032783
17031222600,22,0.9992257495182437
17031222600,23,0.0007729355704696327
17031222600,24,1.3149112865450252e-06
17031251500,25,1.0
17031251600,25,1.0
17031251700,25,1.0
17031251800,25,1.0
17031251900,25,1.0
17031252000,25,1.0
17031130300,2,5.2162233800227144e-05
17031130300,13,0.9999478377661997
17031190200,15,1.3177796905107466e-05
17031190200,19,0.9999868222030949
17031190300,15,7.761072812122152e-06
17031190300,19,0.9999922389271879
17031190800,19,1.0
17031260100,23,0.004348642400896995
17031260100,26,0.995543757551881
17031260100,27,0.00010760004722205796
17031260200,23,0.00020494288027557894
17031260200,26,0.9997950571197244
17031530100,49,7.638568847526804e-06
17031530100,53,0.9998702921886992
17031530100,54,0.00012206924245327916
17031061800,6,1.0
17031823400,75,1.0
17031821500,53,0.99136339359431
17031821500,54,0.008636606405689966
17031410200,39,0.00014496517977736286
17031410200,41,0.9998550348202226
17031222900,20,5.7473131384125974e-05
17031222900,22,0.9998525883142166
17031222900,23,8.993855439924447e-05
17031241000,24,1.0
17031190900,19,0.9987693616115353
17031190900,20,0.0012306383884647105
17031191200,19,0.9966215783177991
17031191200,25,0.0033784216822009493
17031200100,15,2.057848677208721e-08
17031200100,16,6.3323931545621614e-06
17031200100,19,0.0004326749704733166
17031200100,20,0.9995343553456152
17031200100,21,2.6616712270144264e-05
17031200200,19,6.220828162872316e-05
17031200200,20,0.999937786577046
17031200200,22,5.141325146115459e-09
17031200300,20,0.9999800294561513
17031200300,22,1.997054384873614e-05
17031222700,22,0.9997164501544668
17031222700,23,0.0002835498455332787
17031230100,22,0.014311783953311981
17031230100,23,0.9856212034981277
17031230100,24,6.701254856048045e-05
17031230200,22,0.003341678601792414
17031230200,23,0.9966583213982075
17031230300,22,5.5377160591280076e-05
17031230300,23,0.9999446228394087
17031230400,20,0.013668828075142327
17031230400,22,0.0032038052259125618
17031230400,23,0.9831273666989451
17031230500,20,0.014048759595542984
17031230500,23,0.985848626507471
17031230500,25,0.0001026138969859777
17031351100,35,0.9997165001060562
17031351100,36,0.00024498452075732
17031351100,38,3.851537318653505e-05
17031807600,2,1.0
17031770500,76,1.0
17031611700,61,0.9999372292691899
17031611700,67,6.277073081003838e-05
17031300500,29,8.299969019283713e-06
17031300500,30,0.9999917000309807
17031381500,38,1.0
17031420500,40,4.65649575709596e-06
17031420500,42,0.9999953435042428
17031811500,76,1.0
17031081500,8,0.9994972023650981
17031081500,32,0.0005027976349019848
17031081600,8,1.0
17031081700,8,0.9998687189723698
17031081700,32,0.00013128102763017535
17031081800,8,0.9995946378221371
17031081800,24,2.521555172172799e-05
17031081800,32,0.0003801466261412223
17031081900,8,1.0
17031222800,22,0.9999206264033706
17031222800,23,7.937359662933373e-05
17031050800,5,1.0
17031210100,5,0.001971034172573123
17031210100,16,1.79502554601395e-05
17031210100,21,0.9980110155719667
17031210400,16,2.547887235662909e-05
17031210400,20,0.0012668242933306332
17031210400,21,0.9986847712362938
17031210400,22,2.292559801884832e-05
17031230700,23,1.0
17031230800,23,1.0
17031230900,23,0.9997837150994376
17031230900,24,0.00021628490056232322
17031820502,64,1.0
17031820901,64,0.22361992945430215
17031820901,65,0.7763800705456978
17031550200,51,0.0025010461142779827
17031550200,54,0.006624837597159754
17031550200,55,0.9908741162885623
17031823200,74,1.0
17031823304,72,0.0022759308786292273
17031823304,74,0.0315465203804214
17031823304,75,0.9661775487409494
17031670500,61,2.6298571342428902e-06
17031670500,66,8.831505224722478e-07
17031670500,67,0.9999964869923433
17031820700,56,1.0
17031580800,58,0.9999384108162124
17031580800,61,6.158918378767637e-05
17031230600,23,0.981633552843073
17031230600,25,0.018366447156927024
17031242300,24,1.0
17031242200,24,1.0
17031032100,3,0.9999204174028905
17031032100,6,7.958259710953057e-05
17031811701,76,1.0
17031820800,56,1.0
17031300800,30,1.0
17031060900,6,1.0
17031061000,6,1.0
17031210700,21,0.999946698691251
17031210700,22,5.330130874893425e-05
17031291600,29,0.989462308069118
17031291600,30,0.010537691930882076
17031400400,40,1.0
17031191100,19,1.0
17031120100,10,0.0009037214664120376
17031120100,11,0.004461202490059891
17031120100,12,0.9946350760435281
17031611200,61,1.0
17031300900,30,1.0
17031061100,6,1.0
17031061500,6,1.0
17031062000,6,1.0
17031062100,6,1.0
17031062200,6,1.0
17031090200,9,0.9999894603924704
17031090200,10,1.0539607529597146e-05
17031090100,9,1.0
17031826401,54,1.0
17031260400,23,0.000354181813803398
17031260400,25,0.0052756390138754
17031260400,26,0.9943701791723213
17031351500,34,8.414194835048908e-06
17031351500,35,0.999925637296786
17031351500,38,6.594850837902887e-05
17031770800,76,1.0
17031210800,21,0.9999670666851946
17031210800,22,3.29333148054013e-05
17031210900,5,0.0033539827366297027
17031210900,21,0.9965463085499964
17031210900,22,9.970871337394526e-05
17031081100,8,1.0
17031241200,24,1.0
17031031200,3,0.9999896217309063
17031031200,77,1.037826909367332e-05
17031062500,5,3.8168997532472895e-05
17031062500,6,0.9999618310024675
17031062600,5,0.007316162818007119
17031062600,6,0.9926005187568323
17031062600,7,8.331842516058135e-05
17031062700,6,0.9999310276481068
17031062700,7,6.897235189320646e-05
17031062800,6,0.9999275424210249
17031062800,7,7.245757897515214e-05
17031062900,6,0.9999498569401781
17031062900,7,5.0143059821922776e-05
17031063000,6,0.9999087993044037
17031063000,7,9.120069559639488e-05
17031062400,6,1.0
17031063100,6,1.0
17031063200,6,1.0
17031063400,6,0.9999138636423153
17031063400,7,8.613635768469025e-05
17031090300,9,0.9999589511704434
17031090300,10,4.104882955661403e-05
17031100100,10,0.9994704093741964
17031100100,11,0.0005295906258036358
17031100300,9,6.939275207931824e-05
17031100300,10,0.9999306072479206
17031140100,13,0.0002489591838804514
17031140100,14,0.9997510408161195
17031140200,14,1.0
17031140400,12,0.0007112900847933694
17031140400,13,3.79408125510869e-05
17031140400,14,0.9992073164199419
17031140400,16,4.345268271366896e-05
17031140500,14,0.9999267059326051
17031140500,16,7.329406739491088e-05
17031242700,23,0.00014245811454517975
17031242700,24,0.9998575418854547
17031070200,6,0.00011555429351427466
17031070200,7,0.9998844457064857
17031070300,6,6.935432700057707e-07
17031070300,7,0.99999930645673
17031070400,6,1.4351993845771165e-05
17031070400,7,0.9999856480061542
17031070500,6,3.1062182829585436e-06
17031070500,7,0.999996893781717
17031070600,6,2.3485486243179315e-06
17031070600,7,0.9999976514513756
17031070700,5,4.800009473294973e-06
17031070700,6,4.009220902615288e-07
17031070700,7,0.9948635433581717
17031070700,22,0.00513125571026467
17031100400,9,1.1446985658298333e-05
17031100400,10,0.9999885530143418
17031100600,10,0.9999515808519771
17031100600,11,4.8419148022797495e-05
17031100700,10,0.9999854460633519
17031100700,11,1.4553936647991024e-05
17031110200,10,1.5036886298204309e-05
17031110200,11,0.9999849631137018
17031150200,11,1.7791456131119293e-06
17031150200,12,3.201874691344471e-06
17031150200,15,0.9995733903855888
17031150200,16,0.0004216285941067576
17031150300,11,5.568627252256492e-06
17031150300,15,0.9999944313727478
17031140800,4,0.0001175948332902724
17031140800,14,0.9998276854158951
17031140800,16,5.4719750814625305e-05
17031231200,23,1.0
17031231100,23,1.0
17031242400,24,1.0
17031242500,24,1.0
17031120200,12,0.9999999997553046
17031120200,13,2.4469536173126586e-10
17031120300,12,0.998429372154628
17031120300,13,0.0015706278453719265
17031120400,11,3.942396042869241e-05
17031120400,12,0.9998065400717887
17031120400,13,0.00010559341582958342
17031120400,14,3.19967211914613e-05
17031120400,15,1.6445830761622603e-05
17031231500,23,0.9935318033954087
17031231500,26,0.0014855268881027502
17031231500,27,0.004982669716488555
17031071100,7,1.0
17031071000,7,1.0
17031071200,7,1.0
17031071300,7,1.0
17031110300,10,5.409695374914073e-05
17031110300,11,0.9999165503230985
17031110300,15,2.9352723152438965e-05
17031220300,21,8.93258312066099e-06
17031220300,22,0.9999910674168794
17031220400,21,1.5518824449922465e-05
17031220400,22,0.99998448117555
17031220500,21,2.086245942811151e-06
17031220500,22,0.9999979137540572
17031240300,22,0.0026663217731699887
17031240300,24,0.9973336782268301
17031240500,22,8.21996100896293e-06
17031240500,24,0.999991780038991
17031060400,6,1.0
17031060500,3,2.5057023517477754e-05
17031060500,6,0.9999749429764826
17031240800,23,2.1117462482851553e-05
17031240800,24,0.9999788825375171
17031240600,22,0.0002906642391840064
17031240600,24,0.999709335760816
17031240700,22,1.3237213421296581e-05
17031240700,24,0.9999867627865787
17031240900,23,0.0008759794681981576
17031240900,24,0.9991240205318018
17031242600,24,1.0
17031310600,28,3.269771705064694e-05
17031310600,31,0.9999673022829493
17031310700,28,1.564933507225055e-06
17031310700,31,0.9999984350664928
17031310800,28,3.7959778721859374e-07
17031310800,31,0.9999996204022128
17031020602,2,1.0
17031310900,28,3.6985984951093513e-07
17031310900,31,0.9999996301401506
17031510100,46,1.3638525566242848e-07
17031510100,48,6.114458768962501e-06
17031510100,51,0.9828676324631747
17031510100,52,0.01712611669280078
17031510200,48,2.274689470133143e-05
17031510200,51,0.9999772531052987
17031561100,56,0.9983660814657177
17031561100,64,0.0016339185342823703
17031190701,19,1.0
17031020901,2,0.9999590060875122
17031020901,4,4.0993912487816276e-05
17031010202,1,1.0
17031570100,30,4.521207121600258e-05
17031570100,57,0.9971998967622047
17031570100,58,0.002754891166579405
17031570200,56,0.0005124599285266258
17031570200,57,0.9994875400714734
17031570300,57,1.0
17031570400,57,0.9977486635827354
17031570400,58,7.39544569349564e-05
17031570400,62,0.002177381960329606
17031570500,56,0.0006158043526125397
17031570500,57,0.9966530898602554
17031570500,62,0.0027311057871320693
17031690400,69,1.0
17031691300,44,4.9584124633734165e-05
17031691300,69,0.9999504158753664
17031691400,44,8.866453037240665e-05
17031691400,69,0.9999113354696276
17031691500,43,3.4070861839987686e-05
17031691500,44,4.2101009206249026e-05
17031691500,45,0.009364642055423507
17031691500,69,0.9905591860735302
17031320400,32,1.0
17031580100,58,0.9944386130790678
17031580100,59,0.005561386920932271
17031580200,30,0.00010939599056685999
17031580200,58,0.9998906040094332
17031580300,30,0.026138915344270496
17031580300,57,0.0005274217347679261
17031580300,58,0.9733336629209616
17031580400,57,0.0001363756658757371
17031580400,58,0.9998636243341242
17031580600,58,1.0
17031580700,58,0.9999239254916922
17031580700,59,2.185375071044386e-05
17031580700,61,5.422075759738352e-05
17031681300,68,0.9997944398175677
17031681300,69,0.0001789136581948051
17031681300,71,2.6646524237604697e-05
17031681400,67,1.3508263507341434e-05
17031681400,68,0.9794594787910135
17031681400,71,0.020527012945479154
17031690300,68,0.0002308286329105062
17031690300,69,0.9997691713670895
17031690500,42,0.00023010080301193728
17031690500,69,0.999769899196988
17031690900,42,1.3621829074422677e-06
17031690900,69,0.9999986378170925
17031691000,69,1.0
17031700100,66,0.00023926152877358497
17031700100,70,0.9993060003191755
17031700100,71,0.0004547381520508146
17031700200,65,0.004223401713682063
17031700200,70,0.9957765982863179
17031320600,32,0.9977267933818899
17031320600,33,0.0022732066181101896
17031330200,28,0.000369559477654292
17031330200,32,0.005622511870615136
17031330200,33,0.99399144505082
17031330200,34,1.6483600910553126e-05
17031590500,59,0.9999853190211192
17031590500,61,1.4680978880816011e-05
17031590600,59,0.999947977470074
17031590600,61,5.20225299258885e-05
17031671200,67,1.0
17031671100,67,1.0
17031671300,67,1.0
17031671500,66,0.007934876070628373
17031671500,67,0.9920651239293716
17031671600,67,1.0
17031671800,67,0.9905060109716822
17031671800,68,0.00012277643456490368
17031671800,71,0.009371212593752893
17031671900,67,0.989240586804668
17031671900,71,0.01075941319533205
17031710100,68,2.9783831081673316e-06
17031710100,69,0.00022678968600215076
17031710100,71,0.9997702319308897
17031710200,68,1.232337106684883e-05
17031710200,71,0.9999876766289332
17031710400,67,1.3868764170036169e-05
17031710400,70,0.00011143845276356918
17031710400,71,0.9998746927830664
17031710500,70,0.0032672431889171375
17031710500,71,0.9967327568110828
17031710600,71,1.0
17031710800,71,1.0
17031340300,34,0.9999442461700001
17031340300,60,5.5753829999853053e-05
17031340500,34,0.9999880749246879
17031340500,60,1.1925075312129177e-05
17031340600,34,0.9473216325211155
17031340600,35,0.004997925915289631
17031340600,37,5.106268049330871e-05
17031340600,38,1.945199891420113e-06
17031340600,60,0.04762741998855013
17031340600,61,1.3694660070276746e-08
17031430200,42,1.615243128982536e-05
17031430200,43,0.9999838475687102
17031430300,42,4.10337084712134e-06
17031430300,43,0.9863564567954408
17031430300,69,0.013639439833712162
17031510300,47,4.3365083492523444e-05
17031510300,48,0.00010379228086740228
17031510300,50,0.008763407841202449
17031510300,51,0.9910894347944376
17031520100,52,1.0
17031590700,59,0.989083689740463
17031590700,60,0.010730256436586975
17031590700,61,0.00018605382294998029
17031600400,60,1.0
17031813801,29,1.0
17031830600,1,0.9999273015766132
17031830600,2,4.096464020810706e-05
17031830600,77,3.173378317869891e-05
17031830800,3,0.00015166176980458565
17031830800,4,0.999770555377787
17031830800,5,7.778285240837608e-05
17031830700,3,0.9999622494533226
17031830700,6,3.775054667742999e-05
17031830900,5,0.001880235364203466
17031830900,7,0.0027793161293785855
17031830900,21,6.228110252335334e-05
17031830900,22,0.9952781674038946
17031835200,56,0.999132393347563
17031835200,57,0.0007414535573128931
17031835200,62,0.0001261530951241477
17031839900,59,0.004947774056110017
17031839900,60,0.9950047708024894
17031839900,61,4.7455141400477114e-05
17031839700,59,0.0010930356655185665
17031839700,60,0.9989069643344815
17031839800,60,1.0
17031834800,68,1.0
17031834700,61,2.2111494248636293e-05
17031834700,68,0.9999778885057513
17031832000,6,1.0
17031832500,7,0.9919415233725669
17031832500,22,0.008058476627432972
17031832300,7,0.002757457428233677
17031832300,22,0.9968805501330619
17031832300,24,0.00036199243870439985
17031838300,8,1.0
17031831800,13,0.9829296441800686
17031831800,14,0.017070355819931424
17031831700,15,0.9997388999073527
17031831700,16,0.00026110009264736103
17031835100,61,1.2970857911396433e-11
17031835100,63,0.9504790185202652
17031835100,66,7.135047109741616e-05
17031835100,67,0.04944963099566656
17031835000,63,2.6556029979671954e-06
17031835000,66,0.9765383557903093
17031835000,67,0.02345898860669271
17031843700,5,0.9945246092641038
17031843700,16,0.0014637541311125137
17031843700,21,0.003943215663874546
17031843700,22,6.842094090917897e-05
17031220702,20,0.0011476226136012812
17031220702,21,1.7499496774222398e-05
17031220702,22,0.9988348778896244
17031842100,23,0.9870577878585779
17031842100,25,0.012360681485013226
17031842100,26,0.0005815306564087812
17031843300,27,8.065446102100887e-06
17031843300,28,0.003366274310610375
17031843300,29,0.9966256602432876
17031831100,16,3.1032423084653795e-05
17031831100,21,0.9999689675769153
17031831500,17,4.4692602326483955e-06
17031831500,18,0.0006043924250769463
17031831500,19,0.9993911383146904
17031831600,18,0.9994577736844047
17031831600,19,0.0004601787147239722
17031831600,25,8.204760087135915e-05
17031831200,20,0.9949036944199934
17031831200,22,0.005096305580006646
17031831000,22,0.5719829414481207
17031831000,24,0.42801705855187927
17031843000,25,0.0030873044168290772
17031843000,26,0.0015374413114212172
17031843000,27,0.0002495806668060988
17031843000,29,0.9951256736049436
17031843100,29,0.9999858010287153
17031843100,30,1.4198971284761325e-05
17031842900,28,0.9915862710837772
17031842900,29,0.004576781778918104
17031842900,31,0.003836947137304738
17031843500,30,0.9786332948591651
17031843500,31,0.0008984309538977968
17031843500,58,0.02046812392982265
17031843500,59,1.5025711455550592e-07
17031842000,34,0.0035601576002289486
17031842000,35,0.996439842399771
17031770901,10,1.0
17031832400,22,0.9998620096652476
17031832400,24,0.0001379903347524101
17031832900,28,1.0
17031840300,58,0.0009693523033374775
17031840300,59,0.9990306476966625
17031838600,27,5.221543234527417e-05
17031838600,29,0.9999477845676548
17031839600,35,0.9999315312004479
17031839600,38,6.846879955224204e-05
17031834900,67,0.9999388346616133
17031834900,68,6.116533838665874e-05
17031030603,77,1.0
17031832200,22,0.9999809572827599
17031832200,24,1.9042717240083808e-05
17031836700,23,0.9948217076085257
17031836700,24,0.000880824226367186
17031836700,27,0.004297468165107142
17031836800,26,6.8256309427997915e-06
17031836800,27,0.9999931743690572
17031836600,23,0.9999581647055937
17031836600,24,4.18352944062298e-05
17031833000,24,0.0002732662613178891
17031833000,28,0.9997267337386821
17031842500,40,1.8004479186794823e-05
17031842500,42,2.6017190287213492e-05
17031842500,68,4.836457189599491e-05
17031842500,69,0.99990761375863
17031841800,42,1.4368144687077097e-05
17031841800,43,0.0032150436820670212
17031841800,69,0.9967705881732459
17031980100,56,0.5535943255477209
17031980100,64,0.44640567445227913
17031842800,57,0.00017791378792309477
17031842800,58,0.991806355974957
17031842800,61,1.042471780638611e-05
17031842800,63,0.008005305519313523
17031843800,37,0.006634436809181189
17031843800,61,0.993341752576536
17031843800,68,2.3810614282776e-05
17031841000,33,0.9969120536305328
17031841000,34,0.0018234275739862672
17031841000,35,0.0012645187954809713
17031836500,35,0.000786994982874023
17031836500,36,0.9989560464289747
17031836500,38,0.00025695858815107125
17031843900,42,0.8907231537139094
17031843900,43,0.10927684628609065
17031834200,43,0.9998107370391535
17031834200,45,2.1860496108557824e-05
17031834200,46,0.00012154734480584381
17031834200,69,4.585511993213456e-05
17031842200,7,6.219638161538299e-06
17031842200,8,0.9986937377046572
17031842200,24,0.001300042657181358
17031838000,28,1.0
17031010702,1,1.0
17031010503,1,0.9999301694144621
17031010503,77,6.983058553791826e-05
17031010502,1,1.0
17031010701,1,0.9999850763359914
17031010701,2,1.4923664008518853e-05
17031020902,1,1.0201442359535737e-07
17031020902,2,0.9981571848681501
17031020902,4,4.9419726824616554e-05
17031020902,77,0.0017932933906018335
17031020302,2,1.0
17031020601,2,1.0
17031020301,2,1.0
17031760803,10,1.1556242213854748e-05
17031760803,76,0.9999884437577862
17031530501,53,1.0
17031530503,53,1.0
17031650301,64,0.002157866152821242
17031650301,65,0.9978421338471787
17031650302,65,0.9941840669635205
17031650302,66,0.0058159330364795925
17031530502,53,1.0
17031831300,19,0.0015037671736237602
17031831300,20,8.218284596126328e-06
17031831300,23,0.000613507981868875
17031831300,25,0.9978745065599113
17031831400,25,0.9999999938990385
17031831400,29,6.100961590257063e-09
17031837000,27,1.0
17031842400,44,0.9881416898815913
17031842400,49,0.009520828948359011
17031842400,69,2.860567008106346e-06
17031842400,71,0.0023346206030415316
17031832100,3,6.4304220580924135e-06
17031832100,6,0.9999935695779418
17031020802,2,1.0
17031020702,2,0.9968765571832414
17031020702,13,0.0031234428167586058
17031020801,2,0.999889022898074
17031020801,4,0.00011097710192597363
17031040202,2,4.5529980218059025e-06
17031040202,4,0.9999954470019783
17031040201,4,1.0
17031040402,3,6.165635379123942e-05
17031040402,4,0.9999383436462087
17031031501,3,1.0
17031081201,8,1.0
17031063301,6,0.9999128448588968
17031063301,7,8.715514110334558e-05
17031490901,49,0.9999873647221038
17031490901,50,1.263527789622757e-05
17031490902,49,0.9999591981113719
17031490902,50,4.080188862804796e-05
17031301801,30,1.0
17031700301,70,1.0
17031301702,30,1.0
17031700401,70,1.0
17031837100,23,0.011558453226159499
17031837100,24,0.009221092380778574
17031837100,27,0.9760544735307219
17031837100,28,0.003165980862339935
17031837400,27,0.9991422797748138
17031837400,28,0.000823072046665641
17031837400,29,3.4648178520520555e-05
17031837800,24,0.00011375961643044345
17031837800,27,5.996412852275709e-05
17031837800,28,0.9998262762550468
17031837300,27,0.9998484695082029
17031837300,29,0.00015153049179707448
17031841500,29,1.0
17031838700,29,1.0
17031150501,11,6.3028233442091765e-06
17031150501,15,0.9999936971766559
17031150401,11,1.6074393251098124e-05
17031150401,15,0.9999839256067489
17031150502,15,0.999926645129812
17031150502,17,7.335487018797307e-05
17031110502,11,0.9998586334557433
17031110502,12,5.132387311600741e-05
17031110502,15,9.004267114065996e-05
17031150402,15,0.9999999996141038
17031150402,17,3.858962452824525e-10
17031140302,13,4.295314717992397e-05
17031140302,14,0.9999570468528202
17031140301,14,1.0
17031700302,70,1.0
17031580501,58,1.0
17031580502,58,1.0
17031730201,71,0.0012011495407219378
17031730201,73,0.9987988504592781
17031301802,30,1.0
17031440101,44,0.9999939340739156
17031440101,69,6.065926084433749e-06
17031301701,30,1.0
17031839100,8,0.004753394599033546
17031839100,28,0.0024304121172235836
17031839100,32,0.9928161932837428
17031833100,28,1.0
17031838100,28,1.0
17031833300,28,1.0
17031838200,28,1.0
17031140702,14,0.9999211312240633
17031140702,16,7.886877593660768e-05
17031140602,14,0.9999306771824993
17031140602,16,6.93228175007366e-05
17031140701,14,1.0
17031160502,16,1.0
17031160602,5,0.00489547260508134
17031160602,14,3.771313387697586e-07
17031160602,16,0.9951041502635799
17031151002,15,0.9990905382812999
17031151002,16,0.0008658282328986784
17031151002,19,4.359333237370277e-05
17031151002,20,4.015342782634116e-08
17031151001,15,0.9998901775382342
17031151001,19,0.00010982246176577452
17031190402,15,4.493306237094052e-06
17031190402,19,0.9999955066937628
17031431301,43,0.9998884733336808
17031431301,46,0.00011152666631925422
17031431302,43,1.0
17031460302,43,3.5557344487210805e-06
17031460302,46,0.9999964442655512
17031460301,46,1.0
17031700501,70,0.9987942832349325
17031700501,71,0.001205716765067587
17031700502,70,0.9973366600535699
17031700502,71,0.002465447869888041
17031700502,72,0.00019789207654208346
17031210601,21,1.0
17031841100,31,1.968399437738063e-06
17031841100,33,0.0013214087761551129
17031841100,34,0.991014761661524
17031841100,35,3.8102519856296893e-06
17031841100,60,0.007658050910897571
17031840200,31,0.028742203921250358
17031840200,34,0.0024827365723670697
17031840200,60,0.9687750595063825
17031841300,30,0.007036480850489876
17031841300,31,0.9846134620709328
17031841300,58,1.6259242924212424e-05
17031841300,59,0.008333797835653035
17031840700,29,3.607145454123189e-05
17031840700,30,0.9999639285454587
17031841700,29,8.841933758729687e-05
17031841700,30,0.9999115806624126
17031190602,19,1.0
17031190401,17,1.8593154816091703e-06
17031190401,19,0.9999981406845184
17031190702,19,1.0
17031191302,19,0.9897825381301886
17031191302,25,0.01021746186981147
17031190601,19,1.0
17031191301,19,0.999091618890955
17031191301,25,0.0009083811090450415
17031200402,20,0.9997914382912626
17031200402,22,0.00020856170873736294
17031200401,19,0.0005248759360944868
17031200401,20,0.9994751240639056
17031220902,20,5.3389673120802214e-05
17031220902,22,0.9999466103268793
17031210501,21,1.0
17031160601,14,2.531257125886975e-05
17031160601,16,0.9999746874287411
17031061901,6,1.0
17031840800,30,1.0
17031030703,3,3.3447755343696356e-05
17031030703,77,0.9999665522446564
17031081403,8,0.6375122397498225
17031081403,32,0.3624877602501776
17031030702,77,1.0
17031440102,44,0.9983136417300054
17031440102,45,0.0016334278910767348
17031440102,47,5.293037891790316e-05
17031440202,44,1.0
17031830500,30,0.9922602681058319
17031830500,56,3.806416628409241e-05
17031830500,57,0.007701667727883989
17031840100,34,0.00010072408477866951
17031840100,60,0.9998992759152213
17031840400,31,0.00749972143617663
17031840400,59,0.9873889342460243
17031840400,60,0.00511134431779919
17031839200,33,3.34484448199503e-06
17031839200,35,0.999996655155518
17031835500,34,5.735487997241585e-06
17031835500,37,0.9931531234218147
17031835500,38,0.002566322572642284
17031835500,60,1.3601641059620981e-05
17031835500,61,0.004261216876486212
17031030604,77,1.0
17031031502,3,1.0
17031081402,8,0.9939707923763087
17031081402,32,0.006029207623691335
17031080201,7,4.636132367221991e-05
17031080201,8,0.9999536386763278
17031760802,17,8.41709282587364e-06
17031760802,76,0.9999915829071742
17031140601,14,0.9999421187041263
17031140601,16,5.7881295873727845e-05
17031070102,6,1.0885835246054883e-05
17031070102,7,0.999989114164754
17031210502,21,0.9998741264819365
17031210502,22,0.00012587351806345718
17031540102,49,4.2134824381050864e-08
17031540102,50,1.9049074321312283e-06
17031540102,51,1.834427777840239e-05
17031540102,53,0.00042378380374690763
17031540102,54,0.9995559248762181
17031700402,70,1.0
17031030800,3,4.996965368229828e-05
17031030800,77,0.9999500303463177
17031031100,3,0.9999925015660591
17031031100,77,7.498433940908822e-06
17031812100,25,1.0
17031821900,72,0.2618518117651041
17031821900,74,0.7381481882348959
17031822000,70,1.0
17031822101,70,1.0
17031031300,3,0.9981622388624636
17031031300,77,0.0018377611375364562
17031031900,3,0.9998562170588582
17031031900,4,1.9578961902264767e-05
17031031900,5,5.423246644604037e-09
17031031900,6,0.00012419855599292234
17031813500,25,1.0
17031822701,74,1.0
17031822702,74,1.0
17031822801,74,1.0
17031814200,29,0.05382891552132444
17031814200,30,0.9461710844786755
17031823303,74,1.0
17031823500,75,1.0
17031160501,14,1.9997521792197624e-05
17031160501,16,0.9999800024782078
17031040100,2,8.149699161348758e-06
17031040100,4,0.9999569021883928
17031040100,77,3.494811244594225e-05
17031040300,2,8.887996859733091e-06
17031040300,4,0.987415057027139
17031040300,13,0.007734033254190904
17031040300,14,0.004842021721810332
17031825700,55,1.0
17031611600,61,0.9850177663684971
17031611600,63,0.014917693776036089
17031611600,67,6.453985546684066e-05
17031340400,34,0.9998032112159677
17031340400,35,0.0001967887840323234
17031770700,76,1.0
17031430700,43,1.0
17031808100,9,0.003126208181024977
17031808100,10,0.03255345319520113
17031808100,12,0.9643203386237739
17031191000,19,0.9977770070703933
17031191000,20,0.0022229929296067215
17031560400,56,0.9849815243434539
17031560400,57,0.015018475656546194
17031710700,71,1.0
17031550100,51,0.008995205171228798
17031550100,52,0.00020710592755193125
17031550100,55,0.9907976889012193
17031283200,28,1.0
17031100500,10,0.9999835102772011
17031100500,76,1.6489722798830514e-05
17031710300,71,1.0
