station_id,stationame,month_beginning,monthtotal
40900,Howard,2024-01-01T00:00:00.000,76756
41190,Jarvis,2024-01-01T00:00:00.000,24312
40100,Morse,2024-01-01T00:00:00.000,60575
41300,Loyola,2024-01-01T00:00:00.000,72389
40760,Granville,2024-01-01T00:00:00.000,53787
40880,Thorndale,2024-01-01T00:00:00.000,44290
41380,Bryn Mawr,2024-01-01T00:00:00.000,38909
40340,Berwyn,2024-01-01T00:00:00.000,0
41200,Argyle,2024-01-01T00:00:00.000,60545
40770,Lawrence,2024-01-01T00:00:00.000,0
40540,Wilson,2024-01-01T00:00:00.000,124648
40080,Sheridan,2024-01-01T00:00:00.000,60686
41420,Addison-North Main,2024-01-01T00:00:00.000,92856
41320,Belmont-North Main,2024-01-01T00:00:00.000,156784
41220,Fullerton,2024-01-01T00:00:00.000,187698
40650,North/Clybourn,2024-01-01T00:00:00.000,74109
40630,Clark/Division,2024-01-01T00:00:00.000,111421
41450,Chicago/State,2024-01-01T00:00:00.000,166851
40330,Grand/State,2024-01-01T00:00:00.000,125944
41660,Lake/State,2024-01-01T00:00:00.000,218006
41090,Monroe/State,2024-01-01T00:00:00.000,83094
40560,Jackson/State,2024-01-01T00:00:00.000,97707
41490,Harrison,2024-01-01T00:00:00.000,47391
41400,Roosevelt,2024-01-01T00:00:00.000,148327
41000,Cermak-Chinatown,2024-01-01T00:00:00.000,59274
40190,Sox-35th-Dan Ryan,2024-01-01T00:00:00.000,43786
41230,47th-Dan Ryan,2024-01-01T00:00:00.000,35956
41170,Garfield-Dan Ryan,2024-01-01T00:00:00.000,40055
40910,63rd-Dan Ryan,2024-01-01T00:00:00.000,32955
40990,69th,2024-01-01T00:00:00.000,59477
40240,79th,2024-01-01T00:00:00.000,74724
41430,87th,2024-01-01T00:00:00.000,42804
40450,95th/Dan Ryan,2024-01-01T00:00:00.000,106808
41050,Linden,2024-01-01T00:00:00.000,9235
41250,Central-Evanston,2024-01-01T00:00:00.000,9913
40400,Noyes,2024-01-01T00:00:00.000,12601
40520,Foster,2024-01-01T00:00:00.000,9658
40050,Davis,2024-01-01T00:00:00.000,39228
40690,Dempster,2024-01-01T00:00:00.000,10294
40270,Main,2024-01-01T00:00:00.000,13334
40840,South Boulevard,2024-01-01T00:00:00.000,8430
40140,Dempster-Skokie,2024-01-01T00:00:00.000,13022
41680,Oakton-Skokie,2024-01-01T00:00:00.000,7997
40890,O'Hare Airport,2024-01-01T00:00:00.000,182536
40820,Rosemont,2024-01-01T00:00:00.000,76205
40230,Cumberland,2024-01-01T00:00:00.000,39979
40750,Harlem-O'Hare,2024-01-01T00:00:00.000,34976
41280,Jefferson Park,2024-01-01T00:00:00.000,94956
41330,Montrose-O'Hare,2024-01-01T00:00:00.000,31551
40550,Irving Park-O'Hare,2024-01-01T00:00:00.000,55178
41240,Addison-O'Hare,2024-01-01T00:00:00.000,34952
40060,Belmont-O'Hare,2024-01-01T00:00:00.000,73182
41020,Logan Square,2024-01-01T00:00:00.000,90611
40570,California/Milwaukee,2024-01-01T00:00:00.000,66434
40670,Western/Milwaukee,2024-01-01T00:00:00.000,67558
40590,Damen/Milwaukee,2024-01-01T00:00:00.000,74636
40320,Division/Milwaukee,2024-01-01T00:00:00.000,80400
41410,Chicago/Milwaukee,2024-01-01T00:00:00.000,51238
40490,Grand/Milwaukee,2024-01-01T00:00:00.000,41900
40370,Washington/Dearborn,2024-01-01T00:00:00.000,141840
40790,Monroe/Dearborn,2024-01-01T00:00:00.000,73962
40070,Jackson/Dearborn,2024-01-01T00:00:00.000,77634
41340,LaSalle,2024-01-01T00:00:00.000,35869
40430,Clinton-Forest Park,2024-01-01T00:00:00.000,36964
40350,UIC-Halsted,2024-01-01T00:00:00.000,76488
40470,Racine,2024-01-01T00:00:00.000,15166
40810,Medical Center,2024-01-01T00:00:00.000,29956
40220,Western-Forest Park,2024-01-01T00:00:00.000,13893
40250,Kedzie-Homan-Forest Park,2024-01-01T00:00:00.000,21674
40920,Pulaski-Forest Park,2024-01-01T00:00:00.000,17324
40970,Cicero-Forest Park,2024-01-01T00:00:00.000,14148
40010,Austin-Forest Park,2024-01-01T00:00:00.000,14141
40180,Oak Park-Forest Park,2024-01-01T00:00:00.000,11712
40980,Harlem-Forest Park,2024-01-01T00:00:00.000,8588
40390,Forest Park,2024-01-01T00:00:00.000,27774
41030,Polk,2024-01-01T00:00:00.000,48715
40830,18th,2024-01-01T00:00:00.000,28555
40210,Damen-Cermak,2024-01-01T00:00:00.000,24565
40740,Western-Cermak,2024-01-01T00:00:00.000,20343
40440,California-Cermak,2024-01-01T00:00:00.000,23899
41040,Kedzie-Cermak,2024-01-01T00:00:00.000,18702
40780,Central Park,2024-01-01T00:00:00.000,17136
40150,Pulaski-Cermak,2024-01-01T00:00:00.000,18426
40600,Kostner,2024-01-01T00:00:00.000,7324
40420,Cicero-Cermak,2024-01-01T00:00:00.000,19928
40580,54th/Cermak,2024-01-01T00:00:00.000,36160
40020,Harlem-Lake,2024-01-01T00:00:00.000,44217
41350,Oak Park-Lake,2024-01-01T00:00:00.000,15664
40610,Ridgeland,2024-01-01T00:00:00.000,14803
41260,Austin-Lake,2024-01-01T00:00:00.000,21558
40280,Central-Lake,2024-01-01T00:00:00.000,28880
40700,Laramie,2024-01-01T00:00:00.000,14958
40480,Cicero-Lake,2024-01-01T00:00:00.000,15645
40030,Pulaski-Lake,2024-01-01T00:00:00.000,21096
41670,Conservatory,2024-01-01T00:00:00.000,13059
41070,Kedzie-Lake,2024-01-01T00:00:00.000,16066
41360,California-Lake,2024-01-01T00:00:00.000,15833
40170,Ashland-Lake,2024-01-01T00:00:00.000,45130
41510,Morgan-Lake,2024-01-01T00:00:00.000,69394
41160,Clinton-Lake,2024-01-01T00:00:00.000,56466
41690,Cermak-McCormick Place,2024-01-01T00:00:00.000,24886
41120,35-Bronzeville-IIT,2024-01-01T00:00:00.000,23093
40300,Indiana,2024-01-01T00:00:00.000,8984
41270,43rd,2024-01-01T00:00:00.000,12166
41080,47th-South Elevated,2024-01-01T00:00:00.000,12489
40130,51st,2024-01-01T00:00:00.000,12395
40510,Garfield-South Elevated,2024-01-01T00:00:00.000,14601
41140,King Drive,2024-01-01T00:00:00.000,6367
40720,East 63rd-Cottage Grove,2024-01-01T00:00:00.000,13754
40940,Halsted/63rd,2024-01-01T00:00:00.000,6912
40290,Ashland/63rd,2024-01-01T00:00:00.000,13441
41290,Kimball,2024-01-01T00:00:00.000,60631
41180,Kedzie-Brown,2024-01-01T00:00:00.000,29440
40870,Francisco,2024-01-01T00:00:00.000,19947
41010,Rockwell,2024-01-01T00:00:00.000,21066
41480,Western-Brown,2024-01-01T00:00:00.000,51000
40090,Damen-Brown,2024-01-01T00:00:00.000,35261
41500,Montrose-Brown,2024-01-01T00:00:00.000,31653
41460,Irving Park-Brown,2024-01-01T00:00:00.000,36115
41440,Addison-Brown,2024-01-01T00:00:00.000,27047
41310,Paulina,2024-01-01T00:00:00.000,38351
40360,Southport,2024-01-01T00:00:00.000,48188
41210,Wellington,2024-01-01T00:00:00.000,40019
40530,Diversey,2024-01-01T00:00:00.000,70244
40660,Armitage,2024-01-01T00:00:00.000,60071
40800,Sedgwick,2024-01-01T00:00:00.000,53322
40710,Chicago/Franklin,2024-01-01T00:00:00.000,84210
40460,Merchandise Mart,2024-01-01T00:00:00.000,82203
40930,Midway Airport,2024-01-01T00:00:00.000,100810
40960,Pulaski-Orange,2024-01-01T00:00:00.000,64830
41150,Kedzie-Midway,2024-01-01T00:00:00.000,47456
40310,Western-Orange,2024-01-01T00:00:00.000,51416
40120,35th/Archer,2024-01-01T00:00:00.000,36582
41060,Ashland-Orange,2024-01-01T00:00:00.000,24857
41130,Halsted-Orange,2024-01-01T00:00:00.000,38695
40730,Washington/Wells,2024-01-01T00:00:00.000,95964
40040,Quincy/Wells,2024-01-01T00:00:00.000,90625
40160,LaSalle/Van Buren,2024-01-01T00:00:00.000,35338
40850,Library,2024-01-01T00:00:00.000,54997
40680,Adams/Wabash,2024-01-01T00:00:00.000,89047
41700,Washington/Wabash,2024-01-01T00:00:00.000,140132
40260,State/Lake,2024-01-01T00:00:00.000,155856
40380,Clark/Lake,2024-01-01T00:00:00.000,173586
40900,Howard,2024-02-01T00:00:00.000,78160
41190,Jarvis,2024-02-01T00:00:00.000,25135
40100,Morse,2024-02-01T00:00:00.000,63136
41300,Loyola,2024-02-01T00:00:00.000,87636
40760,Granville,2024-02-01T00:00:00.000,63303
40880,Thorndale,2024-02-01T00:00:00.000,46416
41380,Bryn Mawr,2024-02-01T00:00:00.000,41255
40340,Berwyn,2024-02-01T00:00:00.000,0
41200,Argyle,2024-02-01T00:00:00.000,66374
40770,Lawrence,2024-02-01T00:00:00.000,0
40540,Wilson,2024-02-01T00:00:00.000,135861
40080,Sheridan,2024-02-01T00:00:00.000,63927
41420,Addison-North Main,2024-02-01T00:00:00.000,99307
41320,Belmont-North Main,2024-02-01T00:00:00.000,170176
41220,Fullerton,2024-02-01T00:00:00.000,213526
40650,North/Clybourn,2024-02-01T00:00:00.000,76976
40630,Clark/Division,2024-02-01T00:00:00.000,115888
41450,Chicago/State,2024-02-01T00:00:00.000,177093
40330,Grand/State,2024-02-01T00:00:00.000,130764
41660,Lake/State,2024-02-01T00:00:00.000,226468
41090,Monroe/State,2024-02-01T00:00:00.000,90787
40560,Jackson/State,2024-02-01T00:00:00.000,107418
41490,Harrison,2024-02-01T00:00:00.000,57145
41400,Roosevelt,2024-02-01T00:00:00.000,164262
41000,Cermak-Chinatown,2024-02-01T00:00:00.000,75626
40190,Sox-35th-Dan Ryan,2024-02-01T00:00:00.000,47938
41230,47th-Dan Ryan,2024-02-01T00:00:00.000,37145
41170,Garfield-Dan Ryan,2024-02-01T00:00:00.000,42512
40910,63rd-Dan Ryan,2024-02-01T00:00:00.000,35424
40990,69th,2024-02-01T00:00:00.000,63527
40240,79th,2024-02-01T00:00:00.000,79329
41430,87th,2024-02-01T00:00:00.000,47071
40450,95th/Dan Ryan,2024-02-01T00:00:00.000,113342
41050,Linden,2024-02-01T00:00:00.000,10512
41250,Central-Evanston,2024-02-01T00:00:00.000,10176
40400,Noyes,2024-02-01T00:00:00.000,13200
40520,Foster,2024-02-01T00:00:00.000,10418
40050,Davis,2024-02-01T00:00:00.000,42214
40690,Dempster,2024-02-01T00:00:00.000,11209
40270,Main,2024-02-01T00:00:00.000,13922
40840,South Boulevard,2024-02-01T00:00:00.000,8826
40140,Dempster-Skokie,2024-02-01T00:00:00.000,17088
41680,Oakton-Skokie,2024-02-01T00:00:00.000,10093
40890,O'Hare Airport,2024-02-01T00:00:00.000,179695
40820,Rosemont,2024-02-01T00:00:00.000,82424
40230,Cumberland,2024-02-01T00:00:00.000,43621
40750,Harlem-O'Hare,2024-02-01T00:00:00.000,37350
41280,Jefferson Park,2024-02-01T00:00:00.000,100676
41330,Montrose-O'Hare,2024-02-01T00:00:00.000,34358
40550,Irving Park-O'Hare,2024-02-01T00:00:00.000,57906
41240,Addison-O'Hare,2024-02-01T00:00:00.000,38245
40060,Belmont-O'Hare,2024-02-01T00:00:00.000,78521
41020,Logan Square,2024-02-01T00:00:00.000,97718
40570,California/Milwaukee,2024-02-01T00:00:00.000,73018
40670,Western/Milwaukee,2024-02-01T00:00:00.000,73455
40590,Damen/Milwaukee,2024-02-01T00:00:00.000,83523
40320,Division/Milwaukee,2024-02-01T00:00:00.000,88308
41410,Chicago/Milwaukee,2024-02-01T00:00:00.000,56346
40490,Grand/Milwaukee,2024-02-01T00:00:00.000,43704
40370,Washington/Dearborn,2024-02-01T00:00:00.000,154129
40790,Monroe/Dearborn,2024-02-01T00:00:00.000,83895
40070,Jackson/Dearborn,2024-02-01T00:00:00.000,82102
41340,LaSalle,2024-02-01T00:00:00.000,41397
40430,Clinton-Forest Park,2024-02-01T00:00:00.000,38512
40350,UIC-Halsted,2024-02-01T00:00:00.000,92894
40470,Racine,2024-02-01T00:00:00.000,17416
40810,Medical Center,2024-02-01T00:00:00.000,33494
40220,Western-Forest Park,2024-02-01T00:00:00.000,15994
40250,Kedzie-Homan-Forest Park,2024-02-01T00:00:00.000,22089
40920,Pulaski-Forest Park,2024-02-01T00:00:00.000,17625
40970,Cicero-Forest Park,2024-02-01T00:00:00.000,15358
40010,Austin-Forest Park,2024-02-01T00:00:00.000,15480
40180,Oak Park-Forest Park,2024-02-01T00:00:00.000,13290
40980,Harlem-Forest Park,2024-02-01T00:00:00.000,9070
40390,Forest Park,2024-02-01T00:00:00.000,30109
41030,Polk,2024-02-01T00:00:00.000,51807
40830,18th,2024-02-01T00:00:00.000,31709
40210,Damen-Cermak,2024-02-01T00:00:00.000,27062
40740,Western-Cermak,2024-02-01T00:00:00.000,22828
40440,California-Cermak,2024-02-01T00:00:00.000,26654
41040,Kedzie-Cermak,2024-02-01T00:00:00.000,19824
40780,Central Park,2024-02-01T00:00:00.000,18483
40150,Pulaski-Cermak,2024-02-01T00:00:00.000,19466
40600,Kostner,2024-02-01T00:00:00.000,7682
40420,Cicero-Cermak,2024-02-01T00:00:00.000,21915
40580,54th/Cermak,2024-02-01T00:00:00.000,40091
40020,Harlem-Lake,2024-02-01T00:00:00.000,48242
41350,Oak Park-Lake,2024-02-01T00:00:00.000,17763
40610,Ridgeland,2024-02-01T00:00:00.000,15989
41260,Austin-Lake,2024-02-01T00:00:00.000,23556
40280,Central-Lake,2024-02-01T00:00:00.000,31669
40700,Laramie,2024-02-01T00:00:00.000,17048
40480,Cicero-Lake,2024-02-01T00:00:00.000,18181
40030,Pulaski-Lake,2024-02-01T00:00:00.000,22280
41670,Conservatory,2024-02-01T00:00:00.000,14153
41070,Kedzie-Lake,2024-02-01T00:00:00.000,18094
41360,California-Lake,2024-02-01T00:00:00.000,17348
40170,Ashland-Lake,2024-02-01T00:00:00.000,52501
41510,Morgan-Lake,2024-02-01T00:00:00.000,74858
41160,Clinton-Lake,2024-02-01T00:00:00.000,60383
41690,Cermak-McCormick Place,2024-02-01T00:00:00.000,29968
41120,35-Bronzeville-IIT,2024-02-01T00:00:00.000,26426
40300,Indiana,2024-02-01T00:00:00.000,9847
41270,43rd,2024-02-01T00:00:00.000,13232
41080,47th-South Elevated,2024-02-01T00:00:00.000,13496
40130,51st,2024-02-01T00:00:00.000,13241
40510,Garfield-South Elevated,2024-02-01T00:00:00.000,16176
41140,King Drive,2024-02-01T00:00:00.000,7219
40720,East 63rd-Cottage Grove,2024-02-01T00:00:00.000,14818
40940,Halsted/63rd,2024-02-01T00:00:00.000,8208
40290,Ashland/63rd,2024-02-01T00:00:00.000,14728
41290,Kimball,2024-02-01T00:00:00.000,65748
41180,Kedzie-Brown,2024-02-01T00:00:00.000,31521
40870,Francisco,2024-02-01T00:00:00.000,21834
41010,Rockwell,2024-02-01T00:00:00.000,22648
41480,Western-Brown,2024-02-01T00:00:00.000,54825
40090,Damen-Brown,2024-02-01T00:00:00.000,38353
41500,Montrose-Brown,2024-02-01T00:00:00.000,34421
41460,Irving Park-Brown,2024-02-01T00:00:00.000,39269
41440,Addison-Brown,2024-02-01T00:00:00.000,29164
41310,Paulina,2024-02-01T00:00:00.000,40899
40360,Southport,2024-02-01T00:00:00.000,52180
41210,Wellington,2024-02-01T00:00:00.000,42689
40530,Diversey,2024-02-01T00:00:00.000,74744
40660,Armitage,2024-02-01T00:00:00.000,66233
40800,Sedgwick,2024-02-01T00:00:00.000,57731
40710,Chicago/Franklin,2024-02-01T00:00:00.000,90466
40460,Merchandise Mart,2024-02-01T00:00:00.000,86920
40930,Midway Airport,2024-02-01T00:00:00.000,111288
40960,Pulaski-Orange,2024-02-01T00:00:00.000,75141
41150,Kedzie-Midway,2024-02-01T00:00:00.000,54698
40310,Western-Orange,2024-02-01T00:00:00.000,57546
40120,35th/Archer,2024-02-01T00:00:00.000,41344
41060,Ashland-Orange,2024-02-01T00:00:00.000,27724
41130,Halsted-Orange,2024-02-01T00:00:00.000,45395
40730,Washington/Wells,2024-02-01T00:00:00.000,99119
40040,Quincy/Wells,2024-02-01T00:00:00.000,97622
40160,LaSalle/Van Buren,2024-02-01T00:00:00.000,36818
40850,Library,2024-02-01T00:00:00.000,63315
40680,Adams/Wabash,2024-02-01T00:00:00.000,104868
41700,Washington/Wabash,2024-02-01T00:00:00.000,155607
40260,State/Lake,2024-02-01T00:00:00.000,175639
40380,Clark/Lake,2024-02-01T00:00:00.000,186316
40900,Howard,2024-03-01T00:00:00.000,80990
41190,Jarvis,2024-03-01T00:00:00.000,25563
40100,Morse,2024-03-01T00:00:00.000,65849
41300,Loyola,2024-03-01T00:00:00.000,86346
40760,Granville,2024-03-01T00:00:00.000,62299
40880,Thorndale,2024-03-01T00:00:00.000,47176
41380,Bryn Mawr,2024-03-01T00:00:00.000,42044
40340,Berwyn,2024-03-01T00:00:00.000,0
41200,Argyle,2024-03-01T00:00:00.000,68853
40770,Lawrence,2024-03-01T00:00:00.000,0
40540,Wilson,2024-03-01T00:00:00.000,141227
40080,Sheridan,2024-03-01T00:00:00.000,66600
41420,Addison-North Main,2024-03-01T00:00:00.000,119697
41320,Belmont-North Main,2024-03-01T00:00:00.000,186821
41220,Fullerton,2024-03-01T00:00:00.000,200521
40650,North/Clybourn,2024-03-01T00:00:00.000,81796
40630,Clark/Division,2024-03-01T00:00:00.000,127209
41450,Chicago/State,2024-03-01T00:00:00.000,194295
40330,Grand/State,2024-03-01T00:00:00.000,177387
41660,Lake/State,2024-03-01T00:00:00.000,268796
41090,Monroe/State,2024-03-01T00:00:00.000,100809
40560,Jackson/State,2024-03-01T00:00:00.000,102974
41490,Harrison,2024-03-01T00:00:00.000,63451
41400,Roosevelt,2024-03-01T00:00:00.000,191867
41000,Cermak-Chinatown,2024-03-01T00:00:00.000,88046
40190,Sox-35th-Dan Ryan,2024-03-01T00:00:00.000,58604
41230,47th-Dan Ryan,2024-03-01T00:00:00.000,38636
41170,Garfield-Dan Ryan,2024-03-01T00:00:00.000,44978
40910,63rd-Dan Ryan,2024-03-01T00:00:00.000,36357
40990,69th,2024-03-01T00:00:00.000,64877
40240,79th,2024-03-01T00:00:00.000,81911
41430,87th,2024-03-01T00:00:00.000,48267
40450,95th/Dan Ryan,2024-03-01T00:00:00.000,117277
41050,Linden,2024-03-01T00:00:00.000,11125
41250,Central-Evanston,2024-03-01T00:00:00.000,10238
40400,Noyes,2024-03-01T00:00:00.000,12358
40520,Foster,2024-03-01T00:00:00.000,10424
40050,Davis,2024-03-01T00:00:00.000,43748
40690,Dempster,2024-03-01T00:00:00.000,11517
40270,Main,2024-03-01T00:00:00.000,14425
40840,South Boulevard,2024-03-01T00:00:00.000,9350
40140,Dempster-Skokie,2024-03-01T00:00:00.000,17656
41680,Oakton-Skokie,2024-03-01T00:00:00.000,9961
40890,O'Hare Airport,2024-03-01T00:00:00.000,224210
40820,Rosemont,2024-03-01T00:00:00.000,91329
40230,Cumberland,2024-03-01T00:00:00.000,49078
40750,Harlem-O'Hare,2024-03-01T00:00:00.000,37400
41280,Jefferson Park,2024-03-01T00:00:00.000,108524
41330,Montrose-O'Hare,2024-03-01T00:00:00.000,36863
40550,Irving Park-O'Hare,2024-03-01T00:00:00.000,64179
41240,Addison-O'Hare,2024-03-01T00:00:00.000,40800
40060,Belmont-O'Hare,2024-03-01T00:00:00.000,82506
41020,Logan Square,2024-03-01T00:00:00.000,105116
40570,California/Milwaukee,2024-03-01T00:00:00.000,79580
40670,Western/Milwaukee,2024-03-01T00:00:00.000,79657
40590,Damen/Milwaukee,2024-03-01T00:00:00.000,96600
40320,Division/Milwaukee,2024-03-01T00:00:00.000,96421
41410,Chicago/Milwaukee,2024-03-01T00:00:00.000,60838
40490,Grand/Milwaukee,2024-03-01T00:00:00.000,50584
40370,Washington/Dearborn,2024-03-01T00:00:00.000,183482
40790,Monroe/Dearborn,2024-03-01T00:00:00.000,91227
40070,Jackson/Dearborn,2024-03-01T00:00:00.000,86956
41340,LaSalle,2024-03-01T00:00:00.000,44831
40430,Clinton-Forest Park,2024-03-01T00:00:00.000,42507
40350,UIC-Halsted,2024-03-01T00:00:00.000,83310
40470,Racine,2024-03-01T00:00:00.000,18639
40810,Medical Center,2024-03-01T00:00:00.000,35482
40220,Western-Forest Park,2024-03-01T00:00:00.000,17079
40250,Kedzie-Homan-Forest Park,2024-03-01T00:00:00.000,23137
40920,Pulaski-Forest Park,2024-03-01T00:00:00.000,18623
40970,Cicero-Forest Park,2024-03-01T00:00:00.000,16498
40010,Austin-Forest Park,2024-03-01T00:00:00.000,15562
40180,Oak Park-Forest Park,2024-03-01T00:00:00.000,13659
40980,Harlem-Forest Park,2024-03-01T00:00:00.000,9962
40390,Forest Park,2024-03-01T00:00:00.000,31372
41030,Polk,2024-03-01T00:00:00.000,51811
40830,18th,2024-03-01T00:00:00.000,35573
40210,Damen-Cermak,2024-03-01T00:00:00.000,28639
40740,Western-Cermak,2024-03-01T00:00:00.000,23543
40440,California-Cermak,2024-03-01T00:00:00.000,27291
41040,Kedzie-Cermak,2024-03-01T00:00:00.000,20812
40780,Central Park,2024-03-01T00:00:00.000,19185
40150,Pulaski-Cermak,2024-03-01T00:00:00.000,20746
40600,Kostner,2024-03-01T00:00:00.000,7923
40420,Cicero-Cermak,2024-03-01T00:00:00.000,23282
40580,54th/Cermak,2024-03-01T00:00:00.000,42571
40020,Harlem-Lake,2024-03-01T00:00:00.000,51847
41350,Oak Park-Lake,2024-03-01T00:00:00.000,19189
40610,Ridgeland,2024-03-01T00:00:00.000,16308
41260,Austin-Lake,2024-03-01T00:00:00.000,24588
40280,Central-Lake,2024-03-01T00:00:00.000,33394
40700,Laramie,2024-03-01T00:00:00.000,16997
40480,Cicero-Lake,2024-03-01T00:00:00.000,19199
40030,Pulaski-Lake,2024-03-01T00:00:00.000,23016
41670,Conservatory,2024-03-01T00:00:00.000,16796
41070,Kedzie-Lake,2024-03-01T00:00:00.000,17619
41360,California-Lake,2024-03-01T00:00:00.000,18485
40170,Ashland-Lake,2024-03-01T00:00:00.000,55950
41510,Morgan-Lake,2024-03-01T00:00:00.000,86123
41160,Clinton-Lake,2024-03-01T00:00:00.000,63540
41690,Cermak-McCormick Place,2024-03-01T00:00:00.000,28581
41120,35-Bronzeville-IIT,2024-03-01T00:00:00.000,24952
40300,Indiana,2024-03-01T00:00:00.000,10023
41270,43rd,2024-03-01T00:00:00.000,13425
41080,47th-South Elevated,2024-03-01T00:00:00.000,14063
40130,51st,2024-03-01T00:00:00.000,13798
40510,Garfield-South Elevated,2024-03-01T00:00:00.000,16914
41140,King Drive,2024-03-01T00:00:00.000,6947
40720,East 63rd-Cottage Grove,2024-03-01T00:00:00.000,15430
40940,Halsted/63rd,2024-03-01T00:00:00.000,8108
40290,Ashland/63rd,2024-03-01T00:00:00.000,15602
41290,Kimball,2024-03-01T00:00:00.000,69952
41180,Kedzie-Brown,2024-03-01T00:00:00.000,33317
40870,Francisco,2024-03-01T00:00:00.000,22777
41010,Rockwell,2024-03-01T00:00:00.000,23467
41480,Western-Brown,2024-03-01T00:00:00.000,57590
40090,Damen-Brown,2024-03-01T00:00:00.000,40814
41500,Montrose-Brown,2024-03-01T00:00:00.000,36559
41460,Irving Park-Brown,2024-03-01T00:00:00.000,40962
41440,Addison-Brown,2024-03-01T00:00:00.000,30579
41310,Paulina,2024-03-01T00:00:00.000,43020
40360,Southport,2024-03-01T00:00:00.000,56070
41210,Wellington,2024-03-01T00:00:00.000,45786
40530,Diversey,2024-03-01T00:00:00.000,78689
40660,Armitage,2024-03-01T00:00:00.000,69609
40800,Sedgwick,2024-03-01T00:00:00.000,63962
40710,Chicago/Franklin,2024-03-01T00:00:00.000,101276
40460,Merchandise Mart,2024-03-01T00:00:00.000,103164
40930,Midway Airport,2024-03-01T00:00:00.000,125669
40960,Pulaski-Orange,2024-03-01T00:00:00.000,75441
41150,Kedzie-Midway,2024-03-01T00:00:00.000,54931
40310,Western-Orange,2024-03-01T00:00:00.000,59988
40120,35th/Archer,2024-03-01T00:00:00.000,43603
41060,Ashland-Orange,2024-03-01T00:00:00.000,28793
41130,Halsted-Orange,2024-03-01T00:00:00.000,44544
40730,Washington/Wells,2024-03-01T00:00:00.000,100943
40040,Quincy/Wells,2024-03-01T00:00:00.000,104201
40160,LaSalle/Van Buren,2024-03-01T00:00:00.000,38945
40850,Library,2024-03-01T00:00:00.000,65836
40680,Adams/Wabash,2024-03-01T00:00:00.000,109216
41700,Washington/Wabash,2024-03-01T00:00:00.000,174633
40260,State/Lake,2024-03-01T00:00:00.000,210960
40380,Clark/Lake,2024-03-01T00:00:00.000,220504
40900,Howard,2024-04-01T00:00:00.000,84082
41190,Jarvis,2024-04-01T00:00:00.000,25973
40100,Morse,2024-04-01T00:00:00.000,65150
41300,Loyola,2024-04-01T00:00:00.000,87520
40760,Granville,2024-04-01T00:00:00.000,63754
40880,Thorndale,2024-04-01T00:00:00.000,49453
41380,Bryn Mawr,2024-04-01T00:00:00.000,43490
40340,Berwyn,2024-04-01T00:00:00.000,0
41200,Argyle,2024-04-01T00:00:00.000,70221
40770,Lawrence,2024-04-01T00:00:00.000,0
40540,Wilson,2024-04-01T00:00:00.000,145619
40080,Sheridan,2024-04-01T00:00:00.000,68484
41420,Addison-North Main,2024-04-01T00:00:00.000,175995
41320,Belmont-North Main,2024-04-01T00:00:00.000,183736
41220,Fullerton,2024-04-01T00:00:00.000,235196
40650,North/Clybourn,2024-04-01T00:00:00.000,85186
40630,Clark/Division,2024-04-01T00:00:00.000,129295
41450,Chicago/State,2024-04-01T00:00:00.000,202389
40330,Grand/State,2024-04-01T00:00:00.000,167514
41660,Lake/State,2024-04-01T00:00:00.000,266538
41090,Monroe/State,2024-04-01T00:00:00.000,102257
40560,Jackson/State,2024-04-01T00:00:00.000,118798
41490,Harrison,2024-04-01T00:00:00.000,65160
41400,Roosevelt,2024-04-01T00:00:00.000,185265
41000,Cermak-Chinatown,2024-04-01T00:00:00.000,83983
40190,Sox-35th-Dan Ryan,2024-04-01T00:00:00.000,70901
41230,47th-Dan Ryan,2024-04-01T00:00:00.000,42260
41170,Garfield-Dan Ryan,2024-04-01T00:00:00.000,46633
40910,63rd-Dan Ryan,2024-04-01T00:00:00.000,38848
40990,69th,2024-04-01T00:00:00.000,67153
40240,79th,2024-04-01T00:00:00.000,86385
41430,87th,2024-04-01T00:00:00.000,47689
40450,95th/Dan Ryan,2024-04-01T00:00:00.000,122533
41050,Linden,2024-04-01T00:00:00.000,13156
41250,Central-Evanston,2024-04-01T00:00:00.000,10233
40400,Noyes,2024-04-01T00:00:00.000,13284
40520,Foster,2024-04-01T00:00:00.000,12212
40050,Davis,2024-04-01T00:00:00.000,45769
40690,Dempster,2024-04-01T00:00:00.000,11604
40270,Main,2024-04-01T00:00:00.000,15073
40840,South Boulevard,2024-04-01T00:00:00.000,9697
40140,Dempster-Skokie,2024-04-01T00:00:00.000,21829
41680,Oakton-Skokie,2024-04-01T00:00:00.000,11146
40890,O'Hare Airport,2024-04-01T00:00:00.000,238309
40820,Rosemont,2024-04-01T00:00:00.000,98361
40230,Cumberland,2024-04-01T00:00:00.000,52105
40750,Harlem-O'Hare,2024-04-01T00:00:00.000,38520
41280,Jefferson Park,2024-04-01T00:00:00.000,112553
41330,Montrose-O'Hare,2024-04-01T00:00:00.000,38449
40550,Irving Park-O'Hare,2024-04-01T00:00:00.000,66266
41240,Addison-O'Hare,2024-04-01T00:00:00.000,43914
40060,Belmont-O'Hare,2024-04-01T00:00:00.000,85001
41020,Logan Square,2024-04-01T00:00:00.000,107616
40570,California/Milwaukee,2024-04-01T00:00:00.000,81546
40670,Western/Milwaukee,2024-04-01T00:00:00.000,80682
40590,Damen/Milwaukee,2024-04-01T00:00:00.000,96680
40320,Division/Milwaukee,2024-04-01T00:00:00.000,98243
41410,Chicago/Milwaukee,2024-04-01T00:00:00.000,63750
40490,Grand/Milwaukee,2024-04-01T00:00:00.000,50468
40370,Washington/Dearborn,2024-04-01T00:00:00.000,184600
40790,Monroe/Dearborn,2024-04-01T00:00:00.000,96207
40070,Jackson/Dearborn,2024-04-01T00:00:00.000,90932
41340,LaSalle,2024-04-01T00:00:00.000,46781
40430,Clinton-Forest Park,2024-04-01T00:00:00.000,45616
40350,UIC-Halsted,2024-04-01T00:00:00.000,93459
40470,Racine,2024-04-01T00:00:00.000,19320
40810,Medical Center,2024-04-01T00:00:00.000,35544
40220,Western-Forest Park,2024-04-01T00:00:00.000,17295
40250,Kedzie-Homan-Forest Park,2024-04-01T00:00:00.000,24182
40920,Pulaski-Forest Park,2024-04-01T00:00:00.000,19485
40970,Cicero-Forest Park,2024-04-01T00:00:00.000,16262
40010,Austin-Forest Park,2024-04-01T00:00:00.000,16953
40180,Oak Park-Forest Park,2024-04-01T00:00:00.000,15112
40980,Harlem-Forest Park,2024-04-01T00:00:00.000,10276
40390,Forest Park,2024-04-01T00:00:00.000,32418
41030,Polk,2024-04-01T00:00:00.000,54766
40830,18th,2024-04-01T00:00:00.000,35527
40210,Damen-Cermak,2024-04-01T00:00:00.000,28587
40740,Western-Cermak,2024-04-01T00:00:00.000,24248
40440,California-Cermak,2024-04-01T00:00:00.000,28323
41040,Kedzie-Cermak,2024-04-01T00:00:00.000,21671
40780,Central Park,2024-04-01T00:00:00.000,20077
40150,Pulaski-Cermak,2024-04-01T00:00:00.000,20697
40600,Kostner,2024-04-01T00:00:00.000,7967
40420,Cicero-Cermak,2024-04-01T00:00:00.000,24035
40580,54th/Cermak,2024-04-01T00:00:00.000,43313
40020,Harlem-Lake,2024-04-01T00:00:00.000,52321
41350,Oak Park-Lake,2024-04-01T00:00:00.000,20063
40610,Ridgeland,2024-04-01T00:00:00.000,17208
41260,Austin-Lake,2024-04-01T00:00:00.000,25095
40280,Central-Lake,2024-04-01T00:00:00.000,33581
40700,Laramie,2024-04-01T00:00:00.000,16500
40480,Cicero-Lake,2024-04-01T00:00:00.000,19839
40030,Pulaski-Lake,2024-04-01T00:00:00.000,24297
41670,Conservatory,2024-04-01T00:00:00.000,16217
41070,Kedzie-Lake,2024-04-01T00:00:00.000,18387
41360,California-Lake,2024-04-01T00:00:00.000,19859
40170,Ashland-Lake,2024-04-01T00:00:00.000,56496
41510,Morgan-Lake,2024-04-01T00:00:00.000,82148
41160,Clinton-Lake,2024-04-01T00:00:00.000,64942
41690,Cermak-McCormick Place,2024-04-01T00:00:00.000,32087
41120,35-Bronzeville-IIT,2024-04-01T00:00:00.000,26164
40300,Indiana,2024-04-01T00:00:00.000,9852
41270,43rd,2024-04-01T00:00:00.000,13299
41080,47th-South Elevated,2024-04-01T00:00:00.000,14777
40130,51st,2024-04-01T00:00:00.000,13790
40510,Garfield-South Elevated,2024-04-01T00:00:00.000,17655
41140,King Drive,2024-04-01T00:00:00.000,6966
40720,East 63rd-Cottage Grove,2024-04-01T00:00:00.000,15594
40940,Halsted/63rd,2024-04-01T00:00:00.000,8421
40290,Ashland/63rd,2024-04-01T00:00:00.000,15663
41290,Kimball,2024-04-01T00:00:00.000,72761
41180,Kedzie-Brown,2024-04-01T00:00:00.000,34526
40870,Francisco,2024-04-01T00:00:00.000,23870
41010,Rockwell,2024-04-01T00:00:00.000,24551
41480,Western-Brown,2024-04-01T00:00:00.000,58960
40090,Damen-Brown,2024-04-01T00:00:00.000,40754
41500,Montrose-Brown,2024-04-01T00:00:00.000,37551
41460,Irving Park-Brown,2024-04-01T00:00:00.000,41860
41440,Addison-Brown,2024-04-01T00:00:00.000,30782
41310,Paulina,2024-04-01T00:00:00.000,43007
40360,Southport,2024-04-01T00:00:00.000,58206
41210,Wellington,2024-04-01T00:00:00.000,46376
40530,Diversey,2024-04-01T00:00:00.000,79066
40660,Armitage,2024-04-01T00:00:00.000,71225
40800,Sedgwick,2024-04-01T00:00:00.000,64549
40710,Chicago/Franklin,2024-04-01T00:00:00.000,101327
40460,Merchandise Mart,2024-04-01T00:00:00.000,98376
40930,Midway Airport,2024-04-01T00:00:00.000,131294
40960,Pulaski-Orange,2024-04-01T00:00:00.000,80550
41150,Kedzie-Midway,2024-04-01T00:00:00.000,58959
40310,Western-Orange,2024-04-01T00:00:00.000,62850
40120,35th/Archer,2024-04-01T00:00:00.000,45839
41060,Ashland-Orange,2024-04-01T00:00:00.000,29424
41130,Halsted-Orange,2024-04-01T00:00:00.000,45920
40730,Washington/Wells,2024-04-01T00:00:00.000,106516
40040,Quincy/Wells,2024-04-01T00:00:00.000,111664
40160,LaSalle/Van Buren,2024-04-01T00:00:00.000,40802
40850,Library,2024-04-01T00:00:00.000,69514
40680,Adams/Wabash,2024-04-01T00:00:00.000,117045
41700,Washington/Wabash,2024-04-01T00:00:00.000,172289
40260,State/Lake,2024-04-01T00:00:00.000,202653
40380,Clark/Lake,2024-04-01T00:00:00.000,211531
40900,Howard,2024-05-01T00:00:00.000,90466
41190,Jarvis,2024-05-01T00:00:00.000,28677
40100,Morse,2024-05-01T00:00:00.000,70551
41300,Loyola,2024-05-01T00:00:00.000,76954
40760,Granville,2024-05-01T00:00:00.000,58445
40880,Thorndale,2024-05-01T00:00:00.000,53532
41380,Bryn Mawr,2024-05-01T00:00:00.000,46384
40340,Berwyn,2024-05-01T00:00:00.000,0
41200,Argyle,2024-05-01T00:00:00.000,76475
40770,Lawrence,2024-05-01T00:00:00.000,0
40540,Wilson,2024-05-01T00:00:00.000,154881
40080,Sheridan,2024-05-01T00:00:00.000,74521
41420,Addison-North Main,2024-05-01T00:00:00.000,208860
41320,Belmont-North Main,2024-05-01T00:00:00.000,202170
41220,Fullerton,2024-05-01T00:00:00.000,246162
40650,North/Clybourn,2024-05-01T00:00:00.000,93994
40630,Clark/Division,2024-05-01T00:00:00.000,141475
41450,Chicago/State,2024-05-01T00:00:00.000,208403
40330,Grand/State,2024-05-01T00:00:00.000,191022
41660,Lake/State,2024-05-01T00:00:00.000,295948
41090,Monroe/State,2024-05-01T00:00:00.000,107546
40560,Jackson/State,2024-05-01T00:00:00.000,120369
41490,Harrison,2024-05-01T00:00:00.000,71600
41400,Roosevelt,2024-05-01T00:00:00.000,207468
41000,Cermak-Chinatown,2024-05-01T00:00:00.000,102150
40190,Sox-35th-Dan Ryan,2024-05-01T00:00:00.000,76989
41230,47th-Dan Ryan,2024-05-01T00:00:00.000,44427
41170,Garfield-Dan Ryan,2024-05-01T00:00:00.000,51367
40910,63rd-Dan Ryan,2024-05-01T00:00:00.000,42195
40990,69th,2024-05-01T00:00:00.000,72771
40240,79th,2024-05-01T00:00:00.000,92996
41430,87th,2024-05-01T00:00:00.000,51661
40450,95th/Dan Ryan,2024-05-01T00:00:00.000,128081
41050,Linden,2024-05-01T00:00:00.000,17196
41250,Central-Evanston,2024-05-01T00:00:00.000,10696
40400,Noyes,2024-05-01T00:00:00.000,14472
40520,Foster,2024-05-01T00:00:00.000,13765
40050,Davis,2024-05-01T00:00:00.000,48750
40690,Dempster,2024-05-01T00:00:00.000,12165
40270,Main,2024-05-01T00:00:00.000,16132
40840,South Boulevard,2024-05-01T00:00:00.000,10472
40140,Dempster-Skokie,2024-05-01T00:00:00.000,25346
41680,Oakton-Skokie,2024-05-01T00:00:00.000,11421
40890,O'Hare Airport,2024-05-01T00:00:00.000,291576
40820,Rosemont,2024-05-01T00:00:00.000,111995
40230,Cumberland,2024-05-01T00:00:00.000,59553
40750,Harlem-O'Hare,2024-05-01T00:00:00.000,41047
41280,Jefferson Park,2024-05-01T00:00:00.000,120374
41330,Montrose-O'Hare,2024-05-01T00:00:00.000,41468
40550,Irving Park-O'Hare,2024-05-01T00:00:00.000,72592
41240,Addison-O'Hare,2024-05-01T00:00:00.000,49949
40060,Belmont-O'Hare,2024-05-01T00:00:00.000,91698
41020,Logan Square,2024-05-01T00:00:00.000,115200
40570,California/Milwaukee,2024-05-01T00:00:00.000,88838
40670,Western/Milwaukee,2024-05-01T00:00:00.000,88490
40590,Damen/Milwaukee,2024-05-01T00:00:00.000,107427
40320,Division/Milwaukee,2024-05-01T00:00:00.000,108165
41410,Chicago/Milwaukee,2024-05-01T00:00:00.000,72540
40490,Grand/Milwaukee,2024-05-01T00:00:00.000,59035
40370,Washington/Dearborn,2024-05-01T00:00:00.000,210988
40790,Monroe/Dearborn,2024-05-01T00:00:00.000,98392
40070,Jackson/Dearborn,2024-05-01T00:00:00.000,94490
41340,LaSalle,2024-05-01T00:00:00.000,46469
40430,Clinton-Forest Park,2024-05-01T00:00:00.000,49235
40350,UIC-Halsted,2024-05-01T00:00:00.000,53225
40470,Racine,2024-05-01T00:00:00.000,21636
40810,Medical Center,2024-05-01T00:00:00.000,33868
40220,Western-Forest Park,2024-05-01T00:00:00.000,18395
40250,Kedzie-Homan-Forest Park,2024-05-01T00:00:00.000,25719
40920,Pulaski-Forest Park,2024-05-01T00:00:00.000,20555
40970,Cicero-Forest Park,2024-05-01T00:00:00.000,16943
40010,Austin-Forest Park,2024-05-01T00:00:00.000,17239
40180,Oak Park-Forest Park,2024-05-01T00:00:00.000,15201
40980,Harlem-Forest Park,2024-05-01T00:00:00.000,10866
40390,Forest Park,2024-05-01T00:00:00.000,33075
41030,Polk,2024-05-01T00:00:00.000,52261
40830,18th,2024-05-01T00:00:00.000,39951
40210,Damen-Cermak,2024-05-01T00:00:00.000,32005
40740,Western-Cermak,2024-05-01T00:00:00.000,26294
40440,California-Cermak,2024-05-01T00:00:00.000,30504
41040,Kedzie-Cermak,2024-05-01T00:00:00.000,23504
40780,Central Park,2024-05-01T00:00:00.000,22406
40150,Pulaski-Cermak,2024-05-01T00:00:00.000,22051
40600,Kostner,2024-05-01T00:00:00.000,8363
40420,Cicero-Cermak,2024-05-01T00:00:00.000,26080
40580,54th/Cermak,2024-05-01T00:00:00.000,45482
40020,Harlem-Lake,2024-05-01T00:00:00.000,55823
41350,Oak Park-Lake,2024-05-01T00:00:00.000,21993
40610,Ridgeland,2024-05-01T00:00:00.000,18756
41260,Austin-Lake,2024-05-01T00:00:00.000,26397
40280,Central-Lake,2024-05-01T00:00:00.000,34553
40700,Laramie,2024-05-01T00:00:00.000,17250
40480,Cicero-Lake,2024-05-01T00:00:00.000,21842
40030,Pulaski-Lake,2024-05-01T00:00:00.000,25981
41670,Conservatory,2024-05-01T00:00:00.000,17928
41070,Kedzie-Lake,2024-05-01T00:00:00.000,19456
41360,California-Lake,2024-05-01T00:00:00.000,19507
40170,Ashland-Lake,2024-05-01T00:00:00.000,56672
41510,Morgan-Lake,2024-05-01T00:00:00.000,91419
41160,Clinton-Lake,2024-05-01T00:00:00.000,67773
41690,Cermak-McCormick Place,2024-05-01T00:00:00.000,38937
41120,35-Bronzeville-IIT,2024-05-01T00:00:00.000,23284
40300,Indiana,2024-05-01T00:00:00.000,10937
41270,43rd,2024-05-01T00:00:00.000,14764
41080,47th-South Elevated,2024-05-01T00:00:00.000,16645
40130,51st,2024-05-01T00:00:00.000,15002
40510,Garfield-South Elevated,2024-05-01T00:00:00.000,19234
41140,King Drive,2024-05-01T00:00:00.000,7256
40720,East 63rd-Cottage Grove,2024-05-01T00:00:00.000,16126
40940,Halsted/63rd,2024-05-01T00:00:00.000,8876
40290,Ashland/63rd,2024-05-01T00:00:00.000,16884
41290,Kimball,2024-05-01T00:00:00.000,77487
41180,Kedzie-Brown,2024-05-01T00:00:00.000,37689
40870,Francisco,2024-05-01T00:00:00.000,27069
41010,Rockwell,2024-05-01T00:00:00.000,26600
41480,Western-Brown,2024-05-01T00:00:00.000,62664
40090,Damen-Brown,2024-05-01T00:00:00.000,45967
41500,Montrose-Brown,2024-05-01T00:00:00.000,40124
41460,Irving Park-Brown,2024-05-01T00:00:00.000,45556
41440,Addison-Brown,2024-05-01T00:00:00.000,34409
41310,Paulina,2024-05-01T00:00:00.000,47304
40360,Southport,2024-05-01T00:00:00.000,64030
41210,Wellington,2024-05-01T00:00:00.000,49609
40530,Diversey,2024-05-01T00:00:00.000,84337
40660,Armitage,2024-05-01T00:00:00.000,81676
40800,Sedgwick,2024-05-01T00:00:00.000,74342
40710,Chicago/Franklin,2024-05-01T00:00:00.000,112650
40460,Merchandise Mart,2024-05-01T00:00:00.000,106447
40930,Midway Airport,2024-05-01T00:00:00.000,145147
40960,Pulaski-Orange,2024-05-01T00:00:00.000,85904
41150,Kedzie-Midway,2024-05-01T00:00:00.000,61761
40310,Western-Orange,2024-05-01T00:00:00.000,65575
40120,35th/Archer,2024-05-01T00:00:00.000,49292
41060,Ashland-Orange,2024-05-01T00:00:00.000,31928
41130,Halsted-Orange,2024-05-01T00:00:00.000,41795
40730,Washington/Wells,2024-05-01T00:00:00.000,111465
40040,Quincy/Wells,2024-05-01T00:00:00.000,119109
40160,LaSalle/Van Buren,2024-05-01T00:00:00.000,42246
40850,Library,2024-05-01T00:00:00.000,72617
40680,Adams/Wabash,2024-05-01T00:00:00.000,121811
41700,Washington/Wabash,2024-05-01T00:00:00.000,190447
40260,State/Lake,2024-05-01T00:00:00.000,224589
40380,Clark/Lake,2024-05-01T00:00:00.000,236507
40900,Howard,2024-06-01T00:00:00.000,86718
41190,Jarvis,2024-06-01T00:00:00.000,28613
40100,Morse,2024-06-01T00:00:00.000,70629
41300,Loyola,2024-06-01T00:00:00.000,76628
40760,Granville,2024-06-01T00:00:00.000,56209
40880,Thorndale,2024-06-01T00:00:00.000,49820
41380,Bryn Mawr,2024-06-01T00:00:00.000,46643
40340,Berwyn,2024-06-01T00:00:00.000,0
41200,Argyle,2024-06-01T00:00:00.000,76481
40770,Lawrence,2024-06-01T00:00:00.000,0
40540,Wilson,2024-06-01T00:00:00.000,5054
40540,Wilson,2024-06-01T00:00:00.000,142351
40080,Sheridan,2024-06-01T00:00:00.000,77559
41420,Addison-North Main,2024-06-01T00:00:00.000,232414
41320,Belmont-North Main,2024-06-01T00:00:00.000,214931
41220,Fullerton,2024-06-01T00:00:00.000,194714
40650,North/Clybourn,2024-06-01T00:00:00.000,90564
40630,Clark/Division,2024-06-01T00:00:00.000,140698
41450,Chicago/State,2024-06-01T00:00:00.000,217848
40330,Grand/State,2024-06-01T00:00:00.000,202896
41660,Lake/State,2024-06-01T00:00:00.000,305037
41090,Monroe/State,2024-06-01T00:00:00.000,110212
40560,Jackson/State,2024-06-01T00:00:00.000,101072
41490,Harrison,2024-06-01T00:00:00.000,65993
41400,Roosevelt,2024-06-01T00:00:00.000,213753
41000,Cermak-Chinatown,2024-06-01T00:00:00.000,103273
40190,Sox-35th-Dan Ryan,2024-06-01T00:00:00.000,84598
41230,47th-Dan Ryan,2024-06-01T00:00:00.000,39827
41170,Garfield-Dan Ryan,2024-06-01T00:00:00.000,47828
40910,63rd-Dan Ryan,2024-06-01T00:00:00.000,38940
40990,69th,2024-06-01T00:00:00.000,67059
40240,79th,2024-06-01T00:00:00.000,87436
41430,87th,2024-06-01T00:00:00.000,45674
40450,95th/Dan Ryan,2024-06-01T00:00:00.000,120448
41050,Linden,2024-06-01T00:00:00.000,17418
41250,Central-Evanston,2024-06-01T00:00:00.000,10575
40400,Noyes,2024-06-01T00:00:00.000,12777
40520,Foster,2024-06-01T00:00:00.000,11780
40050,Davis,2024-06-01T00:00:00.000,46307
40690,Dempster,2024-06-01T00:00:00.000,12774
40270,Main,2024-06-01T00:00:00.000,15899
40840,South Boulevard,2024-06-01T00:00:00.000,10376
40140,Dempster-Skokie,2024-06-01T00:00:00.000,25837
41680,Oakton-Skokie,2024-06-01T00:00:00.000,10783
40890,O'Hare Airport,2024-06-01T00:00:00.000,285948
40820,Rosemont,2024-06-01T00:00:00.000,110682
40230,Cumberland,2024-06-01T00:00:00.000,60005
40750,Harlem-O'Hare,2024-06-01T00:00:00.000,36727
41280,Jefferson Park,2024-06-01T00:00:00.000,116853
41330,Montrose-O'Hare,2024-06-01T00:00:00.000,40212
40550,Irving Park-O'Hare,2024-06-01T00:00:00.000,68534
41240,Addison-O'Hare,2024-06-01T00:00:00.000,46286
40060,Belmont-O'Hare,2024-06-01T00:00:00.000,87484
41020,Logan Square,2024-06-01T00:00:00.000,113586
40570,California/Milwaukee,2024-06-01T00:00:00.000,85740
40670,Western/Milwaukee,2024-06-01T00:00:00.000,85602
40590,Damen/Milwaukee,2024-06-01T00:00:00.000,106968
40320,Division/Milwaukee,2024-06-01T00:00:00.000,100055
41410,Chicago/Milwaukee,2024-06-01T00:00:00.000,68483
40490,Grand/Milwaukee,2024-06-01T00:00:00.000,61055
40370,Washington/Dearborn,2024-06-01T00:00:00.000,209420
40790,Monroe/Dearborn,2024-06-01T00:00:00.000,93233
40070,Jackson/Dearborn,2024-06-01T00:00:00.000,82971
41340,LaSalle,2024-06-01T00:00:00.000,40833
40430,Clinton-Forest Park,2024-06-01T00:00:00.000,49237
40350,UIC-Halsted,2024-06-01T00:00:00.000,51772
40470,Racine,2024-06-01T00:00:00.000,14757
40810,Medical Center,2024-06-01T00:00:00.000,31834
40220,Western-Forest Park,2024-06-01T00:00:00.000,16776
40250,Kedzie-Homan-Forest Park,2024-06-01T00:00:00.000,24771
40920,Pulaski-Forest Park,2024-06-01T00:00:00.000,19298
40970,Cicero-Forest Park,2024-06-01T00:00:00.000,15465
40010,Austin-Forest Park,2024-06-01T00:00:00.000,16756
40180,Oak Park-Forest Park,2024-06-01T00:00:00.000,13918
40980,Harlem-Forest Park,2024-06-01T00:00:00.000,10235
40390,Forest Park,2024-06-01T00:00:00.000,31801
41030,Polk,2024-06-01T00:00:00.000,50617
40830,18th,2024-06-01T00:00:00.000,37267
40210,Damen-Cermak,2024-06-01T00:00:00.000,29765
40740,Western-Cermak,2024-06-01T00:00:00.000,23708
40440,California-Cermak,2024-06-01T00:00:00.000,27874
41040,Kedzie-Cermak,2024-06-01T00:00:00.000,21675
40780,Central Park,2024-06-01T00:00:00.000,21304
40150,Pulaski-Cermak,2024-06-01T00:00:00.000,19829
40600,Kostner,2024-06-01T00:00:00.000,8173
40420,Cicero-Cermak,2024-06-01T00:00:00.000,24951
40580,54th/Cermak,2024-06-01T00:00:00.000,42503
40020,Harlem-Lake,2024-06-01T00:00:00.000,55419
41350,Oak Park-Lake,2024-06-01T00:00:00.000,21379
40610,Ridgeland,2024-06-01T00:00:00.000,17993
41260,Austin-Lake,2024-06-01T00:00:00.000,25238
40280,Central-Lake,2024-06-01T00:00:00.000,31880
40700,Laramie,2024-06-01T00:00:00.000,15958
40480,Cicero-Lake,2024-06-01T00:00:00.000,19671
40030,Pulaski-Lake,2024-06-01T00:00:00.000,22754
41670,Conservatory,2024-06-01T00:00:00.000,18335
41070,Kedzie-Lake,2024-06-01T00:00:00.000,16318
41360,California-Lake,2024-06-01T00:00:00.000,18200
40170,Ashland-Lake,2024-06-01T00:00:00.000,50715
41510,Morgan-Lake,2024-06-01T00:00:00.000,97934
41160,Clinton-Lake,2024-06-01T00:00:00.000,66198
41690,Cermak-McCormick Place,2024-06-01T00:00:00.000,33657
41120,35-Bronzeville-IIT,2024-06-01T00:00:00.000,21037
40300,Indiana,2024-06-01T00:00:00.000,9496
41270,43rd,2024-06-01T00:00:00.000,13197
41080,47th-South Elevated,2024-06-01T00:00:00.000,15407
40130,51st,2024-06-01T00:00:00.000,13883
40510,Garfield-South Elevated,2024-06-01T00:00:00.000,17724
41140,King Drive,2024-06-01T00:00:00.000,6400
40720,East 63rd-Cottage Grove,2024-06-01T00:00:00.000,14832
40940,Halsted/63rd,2024-06-01T00:00:00.000,7958
40290,Ashland/63rd,2024-06-01T00:00:00.000,14988
41290,Kimball,2024-06-01T00:00:00.000,71102
41180,Kedzie-Brown,2024-06-01T00:00:00.000,34658
40870,Francisco,2024-06-01T00:00:00.000,23738
41010,Rockwell,2024-06-01T00:00:00.000,24534
41480,Western-Brown,2024-06-01T00:00:00.000,59691
40090,Damen-Brown,2024-06-01T00:00:00.000,41321
41500,Montrose-Brown,2024-06-01T00:00:00.000,37266
41460,Irving Park-Brown,2024-06-01T00:00:00.000,42964
41440,Addison-Brown,2024-06-01T00:00:00.000,30046
41310,Paulina,2024-06-01T00:00:00.000,44901
40360,Southport,2024-06-01T00:00:00.000,61026
41210,Wellington,2024-06-01T00:00:00.000,48299
40530,Diversey,2024-06-01T00:00:00.000,81181
40660,Armitage,2024-06-01T00:00:00.000,68410
40800,Sedgwick,2024-06-01T00:00:00.000,74675
40710,Chicago/Franklin,2024-06-01T00:00:00.000,106338
40460,Merchandise Mart,2024-06-01T00:00:00.000,103827
40930,Midway Airport,2024-06-01T00:00:00.000,135837
40960,Pulaski-Orange,2024-06-01T00:00:00.000,73105
41150,Kedzie-Midway,2024-06-01T00:00:00.000,54671
40310,Western-Orange,2024-06-01T00:00:00.000,58984
40120,35th/Archer,2024-06-01T00:00:00.000,43432
41060,Ashland-Orange,2024-06-01T00:00:00.000,28460
41130,Halsted-Orange,2024-06-01T00:00:00.000,41605
40730,Washington/Wells,2024-06-01T00:00:00.000,103252
40040,Quincy/Wells,2024-06-01T00:00:00.000,114228
40160,LaSalle/Van Buren,2024-06-01T00:00:00.000,39705
40850,Library,2024-06-01T00:00:00.000,62960
40680,Adams/Wabash,2024-06-01T00:00:00.000,102697
41700,Washington/Wabash,2024-06-01T00:00:00.000,188237
40260,State/Lake,2024-06-01T00:00:00.000,221300
40380,Clark/Lake,2024-06-01T00:00:00.000,230406
40900,Howard,2024-07-01T00:00:00.000,88377
41190,Jarvis,2024-07-01T00:00:00.000,29299
40100,Morse,2024-07-01T00:00:00.000,70790
41300,Loyola,2024-07-01T00:00:00.000,78420
40760,Granville,2024-07-01T00:00:00.000,55946
40880,Thorndale,2024-07-01T00:00:00.000,48774
41380,Bryn Mawr,2024-07-01T00:00:00.000,45599
40340,Berwyn,2024-07-01T00:00:00.000,0
41200,Argyle,2024-07-01T00:00:00.000,76113
40770,Lawrence,2024-07-01T00:00:00.000,0
40540,Wilson,2024-07-01T00:00:00.000,146210
40080,Sheridan,2024-07-01T00:00:00.000,71626
41420,Addison-North Main,2024-07-01T00:00:00.000,218303
41320,Belmont-North Main,2024-07-01T00:00:00.000,194060
41220,Fullerton,2024-07-01T00:00:00.000,169308
40650,North/Clybourn,2024-07-01T00:00:00.000,93449
40630,Clark/Division,2024-07-01T00:00:00.000,138875
41450,Chicago/State,2024-07-01T00:00:00.000,228094
40330,Grand/State,2024-07-01T00:00:00.000,222461
41660,Lake/State,2024-07-01T00:00:00.000,318995
41090,Monroe/State,2024-07-01T00:00:00.000,115932
40560,Jackson/State,2024-07-01T00:00:00.000,93347
41490,Harrison,2024-07-01T00:00:00.000,70336
41400,Roosevelt,2024-07-01T00:00:00.000,228915
41000,Cermak-Chinatown,2024-07-01T00:00:00.000,114953
40190,Sox-35th-Dan Ryan,2024-07-01T00:00:00.000,74694
41230,47th-Dan Ryan,2024-07-01T00:00:00.000,37551
41170,Garfield-Dan Ryan,2024-07-01T00:00:00.000,51047
40910,63rd-Dan Ryan,2024-07-01T00:00:00.000,38171
40990,69th,2024-07-01T00:00:00.000,66530
40240,79th,2024-07-01T00:00:00.000,88836
41430,87th,2024-07-01T00:00:00.000,46357
40450,95th/Dan Ryan,2024-07-01T00:00:00.000,124521
41050,Linden,2024-07-01T00:00:00.000,19218
41250,Central-Evanston,2024-07-01T00:00:00.000,11611
40400,Noyes,2024-07-01T00:00:00.000,14232
40520,Foster,2024-07-01T00:00:00.000,12196
40050,Davis,2024-07-01T00:00:00.000,50095
40690,Dempster,2024-07-01T00:00:00.000,13513
40270,Main,2024-07-01T00:00:00.000,16474
40840,South Boulevard,2024-07-01T00:00:00.000,10846
40140,Dempster-Skokie,2024-07-01T00:00:00.000,26949
41680,Oakton-Skokie,2024-07-01T00:00:00.000,12013
40890,O'Hare Airport,2024-07-01T00:00:00.000,299784
40820,Rosemont,2024-07-01T00:00:00.000,114308
40230,Cumberland,2024-07-01T00:00:00.000,60762
40750,Harlem-O'Hare,2024-07-01T00:00:00.000,38441
41280,Jefferson Park,2024-07-01T00:00:00.000,124601
41330,Montrose-O'Hare,2024-07-01T00:00:00.000,43264
40550,Irving Park-O'Hare,2024-07-01T00:00:00.000,71842
41240,Addison-O'Hare,2024-07-01T00:00:00.000,45718
40060,Belmont-O'Hare,2024-07-01T00:00:00.000,92194
41020,Logan Square,2024-07-01T00:00:00.000,114495
40570,California/Milwaukee,2024-07-01T00:00:00.000,87678
40670,Western/Milwaukee,2024-07-01T00:00:00.000,88286
40590,Damen/Milwaukee,2024-07-01T00:00:00.000,114882
40320,Division/Milwaukee,2024-07-01T00:00:00.000,103206
41410,Chicago/Milwaukee,2024-07-01T00:00:00.000,68918
40490,Grand/Milwaukee,2024-07-01T00:00:00.000,62032
40370,Washington/Dearborn,2024-07-01T00:00:00.000,225273
40790,Monroe/Dearborn,2024-07-01T00:00:00.000,98912
40070,Jackson/Dearborn,2024-07-01T00:00:00.000,82693
41340,LaSalle,2024-07-01T00:00:00.000,42889
40430,Clinton-Forest Park,2024-07-01T00:00:00.000,52627
40350,UIC-Halsted,2024-07-01T00:00:00.000,55664
40470,Racine,2024-07-01T00:00:00.000,14983
40810,Medical Center,2024-07-01T00:00:00.000,33595
40220,Western-Forest Park,2024-07-01T00:00:00.000,17192
40250,Kedzie-Homan-Forest Park,2024-07-01T00:00:00.000,25840
40920,Pulaski-Forest Park,2024-07-01T00:00:00.000,19264
40970,Cicero-Forest Park,2024-07-01T00:00:00.000,16316
40010,Austin-Forest Park,2024-07-01T00:00:00.000,17336
40180,Oak Park-Forest Park,2024-07-01T00:00:00.000,14926
40980,Harlem-Forest Park,2024-07-01T00:00:00.000,10900
40390,Forest Park,2024-07-01T00:00:00.000,34317
41030,Polk,2024-07-01T00:00:00.000,55028
40830,18th,2024-07-01T00:00:00.000,38777
40210,Damen-Cermak,2024-07-01T00:00:00.000,31199
40740,Western-Cermak,2024-07-01T00:00:00.000,23558
40440,California-Cermak,2024-07-01T00:00:00.000,28619
41040,Kedzie-Cermak,2024-07-01T00:00:00.000,22440
40780,Central Park,2024-07-01T00:00:00.000,21871
40150,Pulaski-Cermak,2024-07-01T00:00:00.000,20578
40600,Kostner,2024-07-01T00:00:00.000,8192
40420,Cicero-Cermak,2024-07-01T00:00:00.000,26577
40580,54th/Cermak,2024-07-01T00:00:00.000,45117
40020,Harlem-Lake,2024-07-01T00:00:00.000,58756
41350,Oak Park-Lake,2024-07-01T00:00:00.000,22028
40610,Ridgeland,2024-07-01T00:00:00.000,18482
41260,Austin-Lake,2024-07-01T00:00:00.000,25988
40280,Central-Lake,2024-07-01T00:00:00.000,34234
40700,Laramie,2024-07-01T00:00:00.000,16503
40480,Cicero-Lake,2024-07-01T00:00:00.000,20960
40030,Pulaski-Lake,2024-07-01T00:00:00.000,21334
41670,Conservatory,2024-07-01T00:00:00.000,17213
41070,Kedzie-Lake,2024-07-01T00:00:00.000,16631
41360,California-Lake,2024-07-01T00:00:00.000,19986
41710,Damen-Lake,2024-07-01T00:00:00.000,0
40170,Ashland-Lake,2024-07-01T00:00:00.000,58778
41510,Morgan-Lake,2024-07-01T00:00:00.000,101774
41160,Clinton-Lake,2024-07-01T00:00:00.000,70766
41690,Cermak-McCormick Place,2024-07-01T00:00:00.000,36080
41120,35-Bronzeville-IIT,2024-07-01T00:00:00.000,22673
40300,Indiana,2024-07-01T00:00:00.000,10800
41270,43rd,2024-07-01T00:00:00.000,14476
41080,47th-South Elevated,2024-07-01T00:00:00.000,16624
40130,51st,2024-07-01T00:00:00.000,15360
40510,Garfield-South Elevated,2024-07-01T00:00:00.000,19985
41140,King Drive,2024-07-01T00:00:00.000,6462
40720,East 63rd-Cottage Grove,2024-07-01T00:00:00.000,15400
40940,Halsted/63rd,2024-07-01T00:00:00.000,7778
40290,Ashland/63rd,2024-07-01T00:00:00.000,16387
41290,Kimball,2024-07-01T00:00:00.000,72786
41180,Kedzie-Brown,2024-07-01T00:00:00.000,36082
40870,Francisco,2024-07-01T00:00:00.000,25520
41010,Rockwell,2024-07-01T00:00:00.000,25905
41480,Western-Brown,2024-07-01T00:00:00.000,62480
40090,Damen-Brown,2024-07-01T00:00:00.000,41092
41500,Montrose-Brown,2024-07-01T00:00:00.000,39410
41460,Irving Park-Brown,2024-07-01T00:00:00.000,42919
41440,Addison-Brown,2024-07-01T00:00:00.000,29690
41310,Paulina,2024-07-01T00:00:00.000,46052
40360,Southport,2024-07-01T00:00:00.000,60678
41210,Wellington,2024-07-01T00:00:00.000,47991
40530,Diversey,2024-07-01T00:00:00.000,81520
40660,Armitage,2024-07-01T00:00:00.000,68365
40800,Sedgwick,2024-07-01T00:00:00.000,75348
40710,Chicago/Franklin,2024-07-01T00:00:00.000,115920
40460,Merchandise Mart,2024-07-01T00:00:00.000,107400
40930,Midway Airport,2024-07-01T00:00:00.000,146145
40960,Pulaski-Orange,2024-07-01T00:00:00.000,77843
41150,Kedzie-Midway,2024-07-01T00:00:00.000,58184
40310,Western-Orange,2024-07-01T00:00:00.000,61845
40120,35th/Archer,2024-07-01T00:00:00.000,46258
41060,Ashland-Orange,2024-07-01T00:00:00.000,30798
41130,Halsted-Orange,2024-07-01T00:00:00.000,41368
40730,Washington/Wells,2024-07-01T00:00:00.000,114880
40040,Quincy/Wells,2024-07-01T00:00:00.000,126178
40160,LaSalle/Van Buren,2024-07-01T00:00:00.000,42894
40850,Library,2024-07-01T00:00:00.000,63260
40680,Adams/Wabash,2024-07-01T00:00:00.000,102810
41700,Washington/Wabash,2024-07-01T00:00:00.000,211399
40260,State/Lake,2024-07-01T00:00:00.000,238921
40380,Clark/Lake,2024-07-01T00:00:00.000,246087
40900,Howard,2024-08-01T00:00:00.000,93512
41190,Jarvis,2024-08-01T00:00:00.000,30713
40100,Morse,2024-08-01T00:00:00.000,74829
41300,Loyola,2024-08-01T00:00:00.000,97391
40760,Granville,2024-08-01T00:00:00.000,62584
40880,Thorndale,2024-08-01T00:00:00.000,53252
41380,Bryn Mawr,2024-08-01T00:00:00.000,48492
40340,Berwyn,2024-08-01T00:00:00.000,0
41200,Argyle,2024-08-01T00:00:00.000,83086
40770,Lawrence,2024-08-01T00:00:00.000,0
40540,Wilson,2024-08-01T00:00:00.000,155449
40080,Sheridan,2024-08-01T00:00:00.000,76567
41420,Addison-North Main,2024-08-01T00:00:00.000,239630
41320,Belmont-North Main,2024-08-01T00:00:00.000,210947
41220,Fullerton,2024-08-01T00:00:00.000,181117
40650,North/Clybourn,2024-08-01T00:00:00.000,94732
40630,Clark/Division,2024-08-01T00:00:00.000,154591
41450,Chicago/State,2024-08-01T00:00:00.000,243766
40330,Grand/State,2024-08-01T00:00:00.000,241153
41660,Lake/State,2024-08-01T00:00:00.000,326355
41090,Monroe/State,2024-08-01T00:00:00.000,117107
40560,Jackson/State,2024-08-01T00:00:00.000,108514
41490,Harrison,2024-08-01T00:00:00.000,87042
41400,Roosevelt,2024-08-01T00:00:00.000,240030
41000,Cermak-Chinatown,2024-08-01T00:00:00.000,117097
40190,Sox-35th-Dan Ryan,2024-08-01T00:00:00.000,90312
41230,47th-Dan Ryan,2024-08-01T00:00:00.000,39813
41170,Garfield-Dan Ryan,2024-08-01T00:00:00.000,50498
40910,63rd-Dan Ryan,2024-08-01T00:00:00.000,36116
40990,69th,2024-08-01T00:00:00.000,67155
40240,79th,2024-08-01T00:00:00.000,87787
41430,87th,2024-08-01T00:00:00.000,50405
40450,95th/Dan Ryan,2024-08-01T00:00:00.000,128479
41050,Linden,2024-08-01T00:00:00.000,19900
41250,Central-Evanston,2024-08-01T00:00:00.000,12033
40400,Noyes,2024-08-01T00:00:00.000,12748
40520,Foster,2024-08-01T00:00:00.000,10986
40050,Davis,2024-08-01T00:00:00.000,50501
40690,Dempster,2024-08-01T00:00:00.000,14006
40270,Main,2024-08-01T00:00:00.000,17543
40840,South Boulevard,2024-08-01T00:00:00.000,10915
40140,Dempster-Skokie,2024-08-01T00:00:00.000,27568
41680,Oakton-Skokie,2024-08-01T00:00:00.000,12406
40890,O'Hare Airport,2024-08-01T00:00:00.000,323981
40820,Rosemont,2024-08-01T00:00:00.000,126534
40230,Cumberland,2024-08-01T00:00:00.000,67895
40750,Harlem-O'Hare,2024-08-01T00:00:00.000,40454
41280,Jefferson Park,2024-08-01T00:00:00.000,128527
41330,Montrose-O'Hare,2024-08-01T00:00:00.000,45058
40550,Irving Park-O'Hare,2024-08-01T00:00:00.000,72265
41240,Addison-O'Hare,2024-08-01T00:00:00.000,49170
40060,Belmont-O'Hare,2024-08-01T00:00:00.000,93964
41020,Logan Square,2024-08-01T00:00:00.000,116449
40570,California/Milwaukee,2024-08-01T00:00:00.000,90914
40670,Western/Milwaukee,2024-08-01T00:00:00.000,90068
40590,Damen/Milwaukee,2024-08-01T00:00:00.000,112505
40320,Division/Milwaukee,2024-08-01T00:00:00.000,106427
41410,Chicago/Milwaukee,2024-08-01T00:00:00.000,70717
40490,Grand/Milwaukee,2024-08-01T00:00:00.000,62900
40370,Washington/Dearborn,2024-08-01T00:00:00.000,223501
40790,Monroe/Dearborn,2024-08-01T00:00:00.000,95880
40070,Jackson/Dearborn,2024-08-01T00:00:00.000,103672
41340,LaSalle,2024-08-01T00:00:00.000,52468
40430,Clinton-Forest Park,2024-08-01T00:00:00.000,50776
40350,UIC-Halsted,2024-08-01T00:00:00.000,70304
40470,Racine,2024-08-01T00:00:00.000,18015
40810,Medical Center,2024-08-01T00:00:00.000,37198
40220,Western-Forest Park,2024-08-01T00:00:00.000,18152
40250,Kedzie-Homan-Forest Park,2024-08-01T00:00:00.000,25932
40920,Pulaski-Forest Park,2024-08-01T00:00:00.000,19422
40970,Cicero-Forest Park,2024-08-01T00:00:00.000,16680
40010,Austin-Forest Park,2024-08-01T00:00:00.000,18056
40180,Oak Park-Forest Park,2024-08-01T00:00:00.000,14951
40980,Harlem-Forest Park,2024-08-01T00:00:00.000,11496
40390,Forest Park,2024-08-01T00:00:00.000,34204
41030,Polk,2024-08-01T00:00:00.000,55227
40830,18th,2024-08-01T00:00:00.000,40584
40210,Damen-Cermak,2024-08-01T00:00:00.000,32371
40740,Western-Cermak,2024-08-01T00:00:00.000,24800
40440,California-Cermak,2024-08-01T00:00:00.000,29222
41040,Kedzie-Cermak,2024-08-01T00:00:00.000,23242
40780,Central Park,2024-08-01T00:00:00.000,22452
40150,Pulaski-Cermak,2024-08-01T00:00:00.000,20809
40600,Kostner,2024-08-01T00:00:00.000,7827
40420,Cicero-Cermak,2024-08-01T00:00:00.000,27525
40580,54th/Cermak,2024-08-01T00:00:00.000,46117
40020,Harlem-Lake,2024-08-01T00:00:00.000,61608
41350,Oak Park-Lake,2024-08-01T00:00:00.000,23299
40610,Ridgeland,2024-08-01T00:00:00.000,19760
41260,Austin-Lake,2024-08-01T00:00:00.000,27155
40280,Central-Lake,2024-08-01T00:00:00.000,35281
40700,Laramie,2024-08-01T00:00:00.000,17626
40480,Cicero-Lake,2024-08-01T00:00:00.000,21173
40030,Pulaski-Lake,2024-08-01T00:00:00.000,25004
41670,Conservatory,2024-08-01T00:00:00.000,17483
41070,Kedzie-Lake,2024-08-01T00:00:00.000,19522
41360,California-Lake,2024-08-01T00:00:00.000,21410
41710,Damen-Lake,2024-08-01T00:00:00.000,19720
40170,Ashland-Lake,2024-08-01T00:00:00.000,65624
41510,Morgan-Lake,2024-08-01T00:00:00.000,110554
41160,Clinton-Lake,2024-08-01T00:00:00.000,71075
41690,Cermak-McCormick Place,2024-08-01T00:00:00.000,43949
41120,35-Bronzeville-IIT,2024-08-01T00:00:00.000,31864
40300,Indiana,2024-08-01T00:00:00.000,11266
41270,43rd,2024-08-01T00:00:00.000,15750
41080,47th-South Elevated,2024-08-01T00:00:00.000,17181
40130,51st,2024-08-01T00:00:00.000,16480
40510,Garfield-South Elevated,2024-08-01T00:00:00.000,20800
41140,King Drive,2024-08-01T00:00:00.000,7821
40720,East 63rd-Cottage Grove,2024-08-01T00:00:00.000,16833
40940,Halsted/63rd,2024-08-01T00:00:00.000,8625
40290,Ashland/63rd,2024-08-01T00:00:00.000,16767
41290,Kimball,2024-08-01T00:00:00.000,74513
41180,Kedzie-Brown,2024-08-01T00:00:00.000,36236
40870,Francisco,2024-08-01T00:00:00.000,25417
41010,Rockwell,2024-08-01T00:00:00.000,26175
41480,Western-Brown,2024-08-01T00:00:00.000,58902
40090,Damen-Brown,2024-08-01T00:00:00.000,42252
41500,Montrose-Brown,2024-08-01T00:00:00.000,39823
41460,Irving Park-Brown,2024-08-01T00:00:00.000,43962
41440,Addison-Brown,2024-08-01T00:00:00.000,31889
41310,Paulina,2024-08-01T00:00:00.000,46470
40360,Southport,2024-08-01T00:00:00.000,61535
41210,Wellington,2024-08-01T00:00:00.000,47906
40530,Diversey,2024-08-01T00:00:00.000,83280
40660,Armitage,2024-08-01T00:00:00.000,70594
40800,Sedgwick,2024-08-01T00:00:00.000,77370
40710,Chicago/Franklin,2024-08-01T00:00:00.000,115515
40460,Merchandise Mart,2024-08-01T00:00:00.000,101639
40930,Midway Airport,2024-08-01T00:00:00.000,153843
40960,Pulaski-Orange,2024-08-01T00:00:00.000,79744
41150,Kedzie-Midway,2024-08-01T00:00:00.000,59799
40310,Western-Orange,2024-08-01T00:00:00.000,63830
40120,35th/Archer,2024-08-01T00:00:00.000,47876
41060,Ashland-Orange,2024-08-01T00:00:00.000,31101
41130,Halsted-Orange,2024-08-01T00:00:00.000,44404
40730,Washington/Wells,2024-08-01T00:00:00.000,105887
40040,Quincy/Wells,2024-08-01T00:00:00.000,117926
40160,LaSalle/Van Buren,2024-08-01T00:00:00.000,42220
40850,Library,2024-08-01T00:00:00.000,74313
40680,Adams/Wabash,2024-08-01T00:00:00.000,117164
41700,Washington/Wabash,2024-08-01T00:00:00.000,204642
40260,State/Lake,2024-08-01T00:00:00.000,247400
40380,Clark/Lake,2024-08-01T00:00:00.000,248277
40900,Howard,2024-09-01T00:00:00.000,93063
41190,Jarvis,2024-09-01T00:00:00.000,31874
40100,Morse,2024-09-01T00:00:00.000,75003
41300,Loyola,2024-09-01T00:00:00.000,119321
40760,Granville,2024-09-01T00:00:00.000,77690
40880,Thorndale,2024-09-01T00:00:00.000,55385
41380,Bryn Mawr,2024-09-01T00:00:00.000,48590
40340,Berwyn,2024-09-01T00:00:00.000,0
41200,Argyle,2024-09-01T00:00:00.000,86156
40770,Lawrence,2024-09-01T00:00:00.000,0
40540,Wilson,2024-09-01T00:00:00.000,163540
40080,Sheridan,2024-09-01T00:00:00.000,78882
41420,Addison-North Main,2024-09-01T00:00:00.000,223108
41320,Belmont-North Main,2024-09-01T00:00:00.000,209486
41220,Fullerton,2024-09-01T00:00:00.000,264973
40650,North/Clybourn,2024-09-01T00:00:00.000,95077
40630,Clark/Division,2024-09-01T00:00:00.000,147473
41450,Chicago/State,2024-09-01T00:00:00.000,231384
40330,Grand/State,2024-09-01T00:00:00.000,200135
41660,Lake/State,2024-09-01T00:00:00.000,307332
41090,Monroe/State,2024-09-01T00:00:00.000,110158
40560,Jackson/State,2024-09-01T00:00:00.000,125888
41490,Harrison,2024-09-01T00:00:00.000,79201
41400,Roosevelt,2024-09-01T00:00:00.000,211840
41000,Cermak-Chinatown,2024-09-01T00:00:00.000,103546
40190,Sox-35th-Dan Ryan,2024-09-01T00:00:00.000,74600
41230,47th-Dan Ryan,2024-09-01T00:00:00.000,38547
41170,Garfield-Dan Ryan,2024-09-01T00:00:00.000,48974
40910,63rd-Dan Ryan,2024-09-01T00:00:00.000,37740
40990,69th,2024-09-01T00:00:00.000,66147
40240,79th,2024-09-01T00:00:00.000,86412
41430,87th,2024-09-01T00:00:00.000,50893
40450,95th/Dan Ryan,2024-09-01T00:00:00.000,126597
41050,Linden,2024-09-01T00:00:00.000,15958
41250,Central-Evanston,2024-09-01T00:00:00.000,10831
40400,Noyes,2024-09-01T00:00:00.000,14564
40520,Foster,2024-09-01T00:00:00.000,11215
40050,Davis,2024-09-01T00:00:00.000,49013
40690,Dempster,2024-09-01T00:00:00.000,13646
40270,Main,2024-09-01T00:00:00.000,17483
40840,South Boulevard,2024-09-01T00:00:00.000,10869
40140,Dempster-Skokie,2024-09-01T00:00:00.000,25889
41680,Oakton-Skokie,2024-09-01T00:00:00.000,12882
40890,O'Hare Airport,2024-09-01T00:00:00.000,290155
40820,Rosemont,2024-09-01T00:00:00.000,113885
40230,Cumberland,2024-09-01T00:00:00.000,60611
40750,Harlem-O'Hare,2024-09-01T00:00:00.000,42249
41280,Jefferson Park,2024-09-01T00:00:00.000,125552
41330,Montrose-O'Hare,2024-09-01T00:00:00.000,45460
40550,Irving Park-O'Hare,2024-09-01T00:00:00.000,72670
41240,Addison-O'Hare,2024-09-01T00:00:00.000,49867
40060,Belmont-O'Hare,2024-09-01T00:00:00.000,93912
41020,Logan Square,2024-09-01T00:00:00.000,116461
40570,California/Milwaukee,2024-09-01T00:00:00.000,89958
40670,Western/Milwaukee,2024-09-01T00:00:00.000,90083
40590,Damen/Milwaukee,2024-09-01T00:00:00.000,108342
40320,Division/Milwaukee,2024-09-01T00:00:00.000,108092
41410,Chicago/Milwaukee,2024-09-01T00:00:00.000,69177
40490,Grand/Milwaukee,2024-09-01T00:00:00.000,59219
40370,Washington/Dearborn,2024-09-01T00:00:00.000,210770
40790,Monroe/Dearborn,2024-09-01T00:00:00.000,96069
40070,Jackson/Dearborn,2024-09-01T00:00:00.000,104357
41340,LaSalle,2024-09-01T00:00:00.000,53332
40430,Clinton-Forest Park,2024-09-01T00:00:00.000,51415
40350,UIC-Halsted,2024-09-01T00:00:00.000,124213
40470,Racine,2024-09-01T00:00:00.000,20933
40810,Medical Center,2024-09-01T00:00:00.000,36157
40220,Western-Forest Park,2024-09-01T00:00:00.000,17190
40250,Kedzie-Homan-Forest Park,2024-09-01T00:00:00.000,25481
40920,Pulaski-Forest Park,2024-09-01T00:00:00.000,17945
40970,Cicero-Forest Park,2024-09-01T00:00:00.000,15949
40010,Austin-Forest Park,2024-09-01T00:00:00.000,18094
40180,Oak Park-Forest Park,2024-09-01T00:00:00.000,15165
40980,Harlem-Forest Park,2024-09-01T00:00:00.000,10448
40390,Forest Park,2024-09-01T00:00:00.000,31089
41030,Polk,2024-09-01T00:00:00.000,60956
40830,18th,2024-09-01T00:00:00.000,39260
40210,Damen-Cermak,2024-09-01T00:00:00.000,33815
40740,Western-Cermak,2024-09-01T00:00:00.000,24970
40440,California-Cermak,2024-09-01T00:00:00.000,38530
41040,Kedzie-Cermak,2024-09-01T00:00:00.000,33136
40780,Central Park,2024-09-01T00:00:00.000,22999
40150,Pulaski-Cermak,2024-09-01T00:00:00.000,21689
40600,Kostner,2024-09-01T00:00:00.000,8103
40420,Cicero-Cermak,2024-09-01T00:00:00.000,26299
40580,54th/Cermak,2024-09-01T00:00:00.000,46941
40020,Harlem-Lake,2024-09-01T00:00:00.000,58492
41350,Oak Park-Lake,2024-09-01T00:00:00.000,21820
40610,Ridgeland,2024-09-01T00:00:00.000,18828
41260,Austin-Lake,2024-09-01T00:00:00.000,26497
40280,Central-Lake,2024-09-01T00:00:00.000,35790
40700,Laramie,2024-09-01T00:00:00.000,17644
40480,Cicero-Lake,2024-09-01T00:00:00.000,21571
40030,Pulaski-Lake,2024-09-01T00:00:00.000,25206
41670,Conservatory,2024-09-01T00:00:00.000,16338
41070,Kedzie-Lake,2024-09-01T00:00:00.000,20601
41360,California-Lake,2024-09-01T00:00:00.000,21061
41710,Damen-Lake,2024-09-01T00:00:00.000,19762
40170,Ashland-Lake,2024-09-01T00:00:00.000,51941
41510,Morgan-Lake,2024-09-01T00:00:00.000,101936
41160,Clinton-Lake,2024-09-01T00:00:00.000,70452
41690,Cermak-McCormick Place,2024-09-01T00:00:00.000,38428
41120,35-Bronzeville-IIT,2024-09-01T00:00:00.000,32509
40300,Indiana,2024-09-01T00:00:00.000,11460
41270,43rd,2024-09-01T00:00:00.000,14733
41080,47th-South Elevated,2024-09-01T00:00:00.000,16355
40130,51st,2024-09-01T00:00:00.000,15709
40510,Garfield-South Elevated,2024-09-01T00:00:00.000,19757
41140,King Drive,2024-09-01T00:00:00.000,7733
40720,East 63rd-Cottage Grove,2024-09-01T00:00:00.000,17090
40940,Halsted/63rd,2024-09-01T00:00:00.000,8941
40290,Ashland/63rd,2024-09-01T00:00:00.000,16745
41290,Kimball,2024-09-01T00:00:00.000,76015
41180,Kedzie-Brown,2024-09-01T00:00:00.000,35434
40870,Francisco,2024-09-01T00:00:00.000,25304
41010,Rockwell,2024-09-01T00:00:00.000,27825
41480,Western-Brown,2024-09-01T00:00:00.000,52490
40090,Damen-Brown,2024-09-01T00:00:00.000,44971
41500,Montrose-Brown,2024-09-01T00:00:00.000,38536
41460,Irving Park-Brown,2024-09-01T00:00:00.000,44659
41440,Addison-Brown,2024-09-01T00:00:00.000,33154
41310,Paulina,2024-09-01T00:00:00.000,45820
40360,Southport,2024-09-01T00:00:00.000,63059
41210,Wellington,2024-09-01T00:00:00.000,50138
40530,Diversey,2024-09-01T00:00:00.000,84902
40660,Armitage,2024-09-01T00:00:00.000,75658
40800,Sedgwick,2024-09-01T00:00:00.000,72106
40710,Chicago/Franklin,2024-09-01T00:00:00.000,111080
40460,Merchandise Mart,2024-09-01T00:00:00.000,101858
40930,Midway Airport,2024-09-01T00:00:00.000,147693
40960,Pulaski-Orange,2024-09-01T00:00:00.000,87900
41150,Kedzie-Midway,2024-09-01T00:00:00.000,62179
40310,Western-Orange,2024-09-01T00:00:00.000,67260
40120,35th/Archer,2024-09-01T00:00:00.000,49285
41060,Ashland-Orange,2024-09-01T00:00:00.000,31807
41130,Halsted-Orange,2024-09-01T00:00:00.000,49923
40730,Washington/Wells,2024-09-01T00:00:00.000,111490
40040,Quincy/Wells,2024-09-01T00:00:00.000,120419
40160,LaSalle/Van Buren,2024-09-01T00:00:00.000,41927
40850,Library,2024-09-01T00:00:00.000,74816
40680,Adams/Wabash,2024-09-01T00:00:00.000,130595
41700,Washington/Wabash,2024-09-01T00:00:00.000,167117
40260,State/Lake,2024-09-01T00:00:00.000,237731
40380,Clark/Lake,2024-09-01T00:00:00.000,264901
40900,Howard,2024-10-01T00:00:00.000,98065
41190,Jarvis,2024-10-01T00:00:00.000,33116
40100,Morse,2024-10-01T00:00:00.000,78848
41300,Loyola,2024-10-01T00:00:00.000,119483
40760,Granville,2024-10-01T00:00:00.000,81268
40880,Thorndale,2024-10-01T00:00:00.000,59580
41380,Bryn Mawr,2024-10-01T00:00:00.000,53111
40340,Berwyn,2024-10-01T00:00:00.000,0
41200,Argyle,2024-10-01T00:00:00.000,91597
40770,Lawrence,2024-10-01T00:00:00.000,0
40540,Wilson,2024-10-01T00:00:00.000,174210
40080,Sheridan,2024-10-01T00:00:00.000,84819
41420,Addison-North Main,2024-10-01T00:00:00.000,142106
41320,Belmont-North Main,2024-10-01T00:00:00.000,226438
41220,Fullerton,2024-10-01T00:00:00.000,292615
40650,North/Clybourn,2024-10-01T00:00:00.000,109127
40630,Clark/Division,2024-10-01T00:00:00.000,164273
41450,Chicago/State,2024-10-01T00:00:00.000,247101
40330,Grand/State,2024-10-01T00:00:00.000,204083
41660,Lake/State,2024-10-01T00:00:00.000,324209
41090,Monroe/State,2024-10-01T00:00:00.000,121723
40560,Jackson/State,2024-10-01T00:00:00.000,142382
41490,Harrison,2024-10-01T00:00:00.000,85939
41400,Roosevelt,2024-10-01T00:00:00.000,232343
41000,Cermak-Chinatown,2024-10-01T00:00:00.000,119394
40190,Sox-35th-Dan Ryan,2024-10-01T00:00:00.000,59791
41230,47th-Dan Ryan,2024-10-01T00:00:00.000,40897
41170,Garfield-Dan Ryan,2024-10-01T00:00:00.000,53841
40910,63rd-Dan Ryan,2024-10-01T00:00:00.000,40990
40990,69th,2024-10-01T00:00:00.000,68101
40240,79th,2024-10-01T00:00:00.000,92033
41430,87th,2024-10-01T00:00:00.000,53391
40450,95th/Dan Ryan,2024-10-01T00:00:00.000,135276
41050,Linden,2024-10-01T00:00:00.000,14317
41250,Central-Evanston,2024-10-01T00:00:00.000,11396
40400,Noyes,2024-10-01T00:00:00.000,18664
40520,Foster,2024-10-01T00:00:00.000,13543
40050,Davis,2024-10-01T00:00:00.000,54277
40690,Dempster,2024-10-01T00:00:00.000,13924
40270,Main,2024-10-01T00:00:00.000,18946
40840,South Boulevard,2024-10-01T00:00:00.000,11300
40140,Dempster-Skokie,2024-10-01T00:00:00.000,23077
41680,Oakton-Skokie,2024-10-01T00:00:00.000,14341
40890,O'Hare Airport,2024-10-01T00:00:00.000,310891
40820,Rosemont,2024-10-01T00:00:00.000,124301
40230,Cumberland,2024-10-01T00:00:00.000,67187
40750,Harlem-O'Hare,2024-10-01T00:00:00.000,45878
41280,Jefferson Park,2024-10-01T00:00:00.000,134813
41330,Montrose-O'Hare,2024-10-01T00:00:00.000,49656
40550,Irving Park-O'Hare,2024-10-01T00:00:00.000,79837
41240,Addison-O'Hare,2024-10-01T00:00:00.000,53361
40060,Belmont-O'Hare,2024-10-01T00:00:00.000,101513
41020,Logan Square,2024-10-01T00:00:00.000,128388
40570,California/Milwaukee,2024-10-01T00:00:00.000,98943
40670,Western/Milwaukee,2024-10-01T00:00:00.000,101104
40590,Damen/Milwaukee,2024-10-01T00:00:00.000,121964
40320,Division/Milwaukee,2024-10-01T00:00:00.000,116275
41410,Chicago/Milwaukee,2024-10-01T00:00:00.000,76961
40490,Grand/Milwaukee,2024-10-01T00:00:00.000,66456
40370,Washington/Dearborn,2024-10-01T00:00:00.000,224555
40790,Monroe/Dearborn,2024-10-01T00:00:00.000,111473
40070,Jackson/Dearborn,2024-10-01T00:00:00.000,123057
41340,LaSalle,2024-10-01T00:00:00.000,56132
40430,Clinton-Forest Park,2024-10-01T00:00:00.000,57672
40350,UIC-Halsted,2024-10-01T00:00:00.000,139834
40470,Racine,2024-10-01T00:00:00.000,22827
40810,Medical Center,2024-10-01T00:00:00.000,42025
40220,Western-Forest Park,2024-10-01T00:00:00.000,18602
40250,Kedzie-Homan-Forest Park,2024-10-01T00:00:00.000,25649
40920,Pulaski-Forest Park,2024-10-01T00:00:00.000,19700
40970,Cicero-Forest Park,2024-10-01T00:00:00.000,16781
40010,Austin-Forest Park,2024-10-01T00:00:00.000,19351
40180,Oak Park-Forest Park,2024-10-01T00:00:00.000,16764
40980,Harlem-Forest Park,2024-10-01T00:00:00.000,11472
40390,Forest Park,2024-10-01T00:00:00.000,34846
41030,Polk,2024-10-01T00:00:00.000,68158
40830,18th,2024-10-01T00:00:00.000,44505
40210,Damen-Cermak,2024-10-01T00:00:00.000,35741
40740,Western-Cermak,2024-10-01T00:00:00.000,26237
40440,California-Cermak,2024-10-01T00:00:00.000,30972
41040,Kedzie-Cermak,2024-10-01T00:00:00.000,24928
40780,Central Park,2024-10-01T00:00:00.000,23559
40150,Pulaski-Cermak,2024-10-01T00:00:00.000,23121
40600,Kostner,2024-10-01T00:00:00.000,8654
40420,Cicero-Cermak,2024-10-01T00:00:00.000,27105
40580,54th/Cermak,2024-10-01T00:00:00.000,48641
40020,Harlem-Lake,2024-10-01T00:00:00.000,61811
41350,Oak Park-Lake,2024-10-01T00:00:00.000,23994
40610,Ridgeland,2024-10-01T00:00:00.000,20476
41260,Austin-Lake,2024-10-01T00:00:00.000,28401
40280,Central-Lake,2024-10-01T00:00:00.000,36941
40700,Laramie,2024-10-01T00:00:00.000,19823
40480,Cicero-Lake,2024-10-01T00:00:00.000,22166
40030,Pulaski-Lake,2024-10-01T00:00:00.000,27086
41670,Conservatory,2024-10-01T00:00:00.000,16717
41070,Kedzie-Lake,2024-10-01T00:00:00.000,22082
41360,California-Lake,2024-10-01T00:00:00.000,22121
41710,Damen-Lake,2024-10-01T00:00:00.000,27771
40170,Ashland-Lake,2024-10-01T00:00:00.000,54171
41510,Morgan-Lake,2024-10-01T00:00:00.000,114739
41160,Clinton-Lake,2024-10-01T00:00:00.000,78156
41690,Cermak-McCormick Place,2024-10-01T00:00:00.000,62824
41120,35-Bronzeville-IIT,2024-10-01T00:00:00.000,34948
40300,Indiana,2024-10-01T00:00:00.000,12379
41270,43rd,2024-10-01T00:00:00.000,16264
41080,47th-South Elevated,2024-10-01T00:00:00.000,17702
40130,51st,2024-10-01T00:00:00.000,17039
40510,Garfield-South Elevated,2024-10-01T00:00:00.000,22275
41140,King Drive,2024-10-01T00:00:00.000,8222
40720,East 63rd-Cottage Grove,2024-10-01T00:00:00.000,18623
40940,Halsted/63rd,2024-10-01T00:00:00.000,9875
40290,Ashland/63rd,2024-10-01T00:00:00.000,17885
41290,Kimball,2024-10-01T00:00:00.000,79004
41180,Kedzie-Brown,2024-10-01T00:00:00.000,38273
40870,Francisco,2024-10-01T00:00:00.000,26630
41010,Rockwell,2024-10-01T00:00:00.000,33375
41480,Western-Brown,2024-10-01T00:00:00.000,53081
40090,Damen-Brown,2024-10-01T00:00:00.000,51267
41500,Montrose-Brown,2024-10-01T00:00:00.000,41810
41460,Irving Park-Brown,2024-10-01T00:00:00.000,52050
41440,Addison-Brown,2024-10-01T00:00:00.000,37417
41310,Paulina,2024-10-01T00:00:00.000,51474
40360,Southport,2024-10-01T00:00:00.000,65931
41210,Wellington,2024-10-01T00:00:00.000,56507
40530,Diversey,2024-10-01T00:00:00.000,97484
40660,Armitage,2024-10-01T00:00:00.000,84942
40800,Sedgwick,2024-10-01T00:00:00.000,82558
40710,Chicago/Franklin,2024-10-01T00:00:00.000,121589
40460,Merchandise Mart,2024-10-01T00:00:00.000,117060
40930,Midway Airport,2024-10-01T00:00:00.000,156209
40960,Pulaski-Orange,2024-10-01T00:00:00.000,95605
41150,Kedzie-Midway,2024-10-01T00:00:00.000,66786
40310,Western-Orange,2024-10-01T00:00:00.000,72221
40120,35th/Archer,2024-10-01T00:00:00.000,53204
41060,Ashland-Orange,2024-10-01T00:00:00.000,34374
41130,Halsted-Orange,2024-10-01T00:00:00.000,54211
40730,Washington/Wells,2024-10-01T00:00:00.000,128123
40040,Quincy/Wells,2024-10-01T00:00:00.000,139445
40160,LaSalle/Van Buren,2024-10-01T00:00:00.000,48249
40850,Library,2024-10-01T00:00:00.000,78389
40680,Adams/Wabash,2024-10-01T00:00:00.000,151342
41700,Washington/Wabash,2024-10-01T00:00:00.000,185343
40260,State/Lake,2024-10-01T00:00:00.000,261618
40380,Clark/Lake,2024-10-01T00:00:00.000,314835
40900,Howard,2024-11-01T00:00:00.000,87661
41190,Jarvis,2024-11-01T00:00:00.000,28520
40100,Morse,2024-11-01T00:00:00.000,69694
41300,Loyola,2024-11-01T00:00:00.000,99124
40760,Granville,2024-11-01T00:00:00.000,69187
40880,Thorndale,2024-11-01T00:00:00.000,50871
41380,Bryn Mawr,2024-11-01T00:00:00.000,43809
40340,Berwyn,2024-11-01T00:00:00.000,0
41200,Argyle,2024-11-01T00:00:00.000,77865
40770,Lawrence,2024-11-01T00:00:00.000,0
40540,Wilson,2024-11-01T00:00:00.000,147064
40080,Sheridan,2024-11-01T00:00:00.000,67576
41420,Addison-North Main,2024-11-01T00:00:00.000,120728
41320,Belmont-North Main,2024-11-01T00:00:00.000,182647
41220,Fullerton,2024-11-01T00:00:00.000,195224
40650,North/Clybourn,2024-11-01T00:00:00.000,86589
40630,Clark/Division,2024-11-01T00:00:00.000,131395
41450,Chicago/State,2024-11-01T00:00:00.000,209091
40330,Grand/State,2024-11-01T00:00:00.000,173185
41660,Lake/State,2024-11-01T00:00:00.000,279794
41090,Monroe/State,2024-11-01T00:00:00.000,98313
40560,Jackson/State,2024-11-01T00:00:00.000,91786
41490,Harrison,2024-11-01T00:00:00.000,63193
41400,Roosevelt,2024-11-01T00:00:00.000,194065
41000,Cermak-Chinatown,2024-11-01T00:00:00.000,88620
40190,Sox-35th-Dan Ryan,2024-11-01T00:00:00.000,49313
41230,47th-Dan Ryan,2024-11-01T00:00:00.000,36275
41170,Garfield-Dan Ryan,2024-11-01T00:00:00.000,45178
40910,63rd-Dan Ryan,2024-11-01T00:00:00.000,35435
40990,69th,2024-11-01T00:00:00.000,56930
40240,79th,2024-11-01T00:00:00.000,81658
41430,87th,2024-11-01T00:00:00.000,46389
40450,95th/Dan Ryan,2024-11-01T00:00:00.000,117652
41050,Linden,2024-11-01T00:00:00.000,11504
41250,Central-Evanston,2024-11-01T00:00:00.000,10549
40400,Noyes,2024-11-01T00:00:00.000,14460
40520,Foster,2024-11-01T00:00:00.000,11540
40050,Davis,2024-11-01T00:00:00.000,46323
40690,Dempster,2024-11-01T00:00:00.000,11698
40270,Main,2024-11-01T00:00:00.000,16756
40840,South Boulevard,2024-11-01T00:00:00.000,9492
40140,Dempster-Skokie,2024-11-01T00:00:00.000,19290
41680,Oakton-Skokie,2024-11-01T00:00:00.000,11683
40890,O'Hare Airport,2024-11-01T00:00:00.000,258081
40820,Rosemont,2024-11-01T00:00:00.000,101223
40230,Cumberland,2024-11-01T00:00:00.000,53085
40750,Harlem-O'Hare,2024-11-01T00:00:00.000,38394
41280,Jefferson Park,2024-11-01T00:00:00.000,116917
41330,Montrose-O'Hare,2024-11-01T00:00:00.000,42343
40550,Irving Park-O'Hare,2024-11-01T00:00:00.000,67955
41240,Addison-O'Hare,2024-11-01T00:00:00.000,45173
40060,Belmont-O'Hare,2024-11-01T00:00:00.000,88473
41020,Logan Square,2024-11-01T00:00:00.000,108459
40570,California/Milwaukee,2024-11-01T00:00:00.000,83915
40670,Western/Milwaukee,2024-11-01T00:00:00.000,83471
40590,Damen/Milwaukee,2024-11-01T00:00:00.000,105938
40320,Division/Milwaukee,2024-11-01T00:00:00.000,98805
41410,Chicago/Milwaukee,2024-11-01T00:00:00.000,66401
40490,Grand/Milwaukee,2024-11-01T00:00:00.000,56231
40370,Washington/Dearborn,2024-11-01T00:00:00.000,198866
40790,Monroe/Dearborn,2024-11-01T00:00:00.000,87727
40070,Jackson/Dearborn,2024-11-01T00:00:00.000,90432
41340,LaSalle,2024-11-01T00:00:00.000,44456
40430,Clinton-Forest Park,2024-11-01T00:00:00.000,48483
40350,UIC-Halsted,2024-11-01T00:00:00.000,107554
40470,Racine,2024-11-01T00:00:00.000,17700
40810,Medical Center,2024-11-01T00:00:00.000,35254
40220,Western-Forest Park,2024-11-01T00:00:00.000,15740
40250,Kedzie-Homan-Forest Park,2024-11-01T00:00:00.000,23381
40920,Pulaski-Forest Park,2024-11-01T00:00:00.000,18060
40970,Cicero-Forest Park,2024-11-01T00:00:00.000,14806
40010,Austin-Forest Park,2024-11-01T00:00:00.000,16124
40180,Oak Park-Forest Park,2024-11-01T00:00:00.000,13857
40980,Harlem-Forest Park,2024-11-01T00:00:00.000,9907
40390,Forest Park,2024-11-01T00:00:00.000,30198
41030,Polk,2024-11-01T00:00:00.000,53692
40830,18th,2024-11-01T00:00:00.000,35942
40210,Damen-Cermak,2024-11-01T00:00:00.000,30048
40740,Western-Cermak,2024-11-01T00:00:00.000,21620
40440,California-Cermak,2024-11-01T00:00:00.000,26457
41040,Kedzie-Cermak,2024-11-01T00:00:00.000,21301
40780,Central Park,2024-11-01T00:00:00.000,20246
40150,Pulaski-Cermak,2024-11-01T00:00:00.000,19391
40600,Kostner,2024-11-01T00:00:00.000,8067
40420,Cicero-Cermak,2024-11-01T00:00:00.000,24918
40580,54th/Cermak,2024-11-01T00:00:00.000,38100
40020,Harlem-Lake,2024-11-01T00:00:00.000,54358
41350,Oak Park-Lake,2024-11-01T00:00:00.000,19395
40610,Ridgeland,2024-11-01T00:00:00.000,16433
41260,Austin-Lake,2024-11-01T00:00:00.000,23955
40280,Central-Lake,2024-11-01T00:00:00.000,32271
40700,Laramie,2024-11-01T00:00:00.000,16932
40480,Cicero-Lake,2024-11-01T00:00:00.000,18811
40030,Pulaski-Lake,2024-11-01T00:00:00.000,23916
41670,Conservatory,2024-11-01T00:00:00.000,14139
41070,Kedzie-Lake,2024-11-01T00:00:00.000,18549
41360,California-Lake,2024-11-01T00:00:00.000,18019
41710,Damen-Lake,2024-11-01T00:00:00.000,24005
40170,Ashland-Lake,2024-11-01T00:00:00.000,43915
41510,Morgan-Lake,2024-11-01T00:00:00.000,93156
41160,Clinton-Lake,2024-11-01T00:00:00.000,62121
41690,Cermak-McCormick Place,2024-11-01T00:00:00.000,38725
41120,35-Bronzeville-IIT,2024-11-01T00:00:00.000,27925
40300,Indiana,2024-11-01T00:00:00.000,10641
41270,43rd,2024-11-01T00:00:00.000,14113
41080,47th-South Elevated,2024-11-01T00:00:00.000,15002
40130,51st,2024-11-01T00:00:00.000,14126
40510,Garfield-South Elevated,2024-11-01T00:00:00.000,18310
41140,King Drive,2024-11-01T00:00:00.000,7327
40720,East 63rd-Cottage Grove,2024-11-01T00:00:00.000,16201
40940,Halsted/63rd,2024-11-01T00:00:00.000,8864
40290,Ashland/63rd,2024-11-01T00:00:00.000,16163
41290,Kimball,2024-11-01T00:00:00.000,71763
41180,Kedzie-Brown,2024-11-01T00:00:00.000,34708
40870,Francisco,2024-11-01T00:00:00.000,23443
41010,Rockwell,2024-11-01T00:00:00.000,27514
41480,Western-Brown,2024-11-01T00:00:00.000,42792
40090,Damen-Brown,2024-11-01T00:00:00.000,42819
41500,Montrose-Brown,2024-11-01T00:00:00.000,35598
41460,Irving Park-Brown,2024-11-01T00:00:00.000,40795
41440,Addison-Brown,2024-11-01T00:00:00.000,30728
41310,Paulina,2024-11-01T00:00:00.000,42272
40360,Southport,2024-11-01T00:00:00.000,54372
41210,Wellington,2024-11-01T00:00:00.000,45490
40530,Diversey,2024-11-01T00:00:00.000,78159
40660,Armitage,2024-11-01T00:00:00.000,67131
40800,Sedgwick,2024-11-01T00:00:00.000,63700
40710,Chicago/Franklin,2024-11-01T00:00:00.000,98874
40460,Merchandise Mart,2024-11-01T00:00:00.000,89845
40930,Midway Airport,2024-11-01T00:00:00.000,129806
40960,Pulaski-Orange,2024-11-01T00:00:00.000,78197
41150,Kedzie-Midway,2024-11-01T00:00:00.000,57022
40310,Western-Orange,2024-11-01T00:00:00.000,62316
40120,35th/Archer,2024-11-01T00:00:00.000,44886
41060,Ashland-Orange,2024-11-01T00:00:00.000,28498
41130,Halsted-Orange,2024-11-01T00:00:00.000,43937
40730,Washington/Wells,2024-11-01T00:00:00.000,99124
40040,Quincy/Wells,2024-11-01T00:00:00.000,104714
40160,LaSalle/Van Buren,2024-11-01T00:00:00.000,38357
40850,Library,2024-11-01T00:00:00.000,56347
40680,Adams/Wabash,2024-11-01T00:00:00.000,107310
41700,Washington/Wabash,2024-11-01T00:00:00.000,162656
40260,State/Lake,2024-11-01T00:00:00.000,210740
40380,Clark/Lake,2024-11-01T00:00:00.000,247242
40900,Howard,2024-12-01T00:00:00.000,79461
41190,Jarvis,2024-12-01T00:00:00.000,24048
40100,Morse,2024-12-01T00:00:00.000,61985
41300,Loyola,2024-12-01T00:00:00.000,70276
40760,Granville,2024-12-01T00:00:00.000,52165
40880,Thorndale,2024-12-01T00:00:00.000,44444
41380,Bryn Mawr,2024-12-01T00:00:00.000,39447
40340,Berwyn,2024-12-01T00:00:00.000,0
41200,Argyle,2024-12-01T00:00:00.000,68323
40770,Lawrence,2024-12-01T00:00:00.000,0
40540,Wilson,2024-12-01T00:00:00.000,128055
40080,Sheridan,2024-12-01T00:00:00.000,58806
41420,Addison-North Main,2024-12-01T00:00:00.000,106049
41320,Belmont-North Main,2024-12-01T00:00:00.000,160988
41220,Fullerton,2024-12-01T00:00:00.000,127479
40650,North/Clybourn,2024-12-01T00:00:00.000,78442
40630,Clark/Division,2024-12-01T00:00:00.000,120493
41450,Chicago/State,2024-12-01T00:00:00.000,184230
40330,Grand/State,2024-12-01T00:00:00.000,158344
41660,Lake/State,2024-12-01T00:00:00.000,264667
41090,Monroe/State,2024-12-01T00:00:00.000,90300
40560,Jackson/State,2024-12-01T00:00:00.000,67842
41490,Harrison,2024-12-01T00:00:00.000,52308
41400,Roosevelt,2024-12-01T00:00:00.000,168887
41000,Cermak-Chinatown,2024-12-01T00:00:00.000,76013
40190,Sox-35th-Dan Ryan,2024-12-01T00:00:00.000,40864
41230,47th-Dan Ryan,2024-12-01T00:00:00.000,34192
41170,Garfield-Dan Ryan,2024-12-01T00:00:00.000,39712
40910,63rd-Dan Ryan,2024-12-01T00:00:00.000,32977
40990,69th,2024-12-01T00:00:00.000,50126
40240,79th,2024-12-01T00:00:00.000,78107
41430,87th,2024-12-01T00:00:00.000,42839
40450,95th/Dan Ryan,2024-12-01T00:00:00.000,107504
41050,Linden,2024-12-01T00:00:00.000,12031
41250,Central-Evanston,2024-12-01T00:00:00.000,9807
40400,Noyes,2024-12-01T00:00:00.000,9828
40520,Foster,2024-12-01T00:00:00.000,7704
40050,Davis,2024-12-01T00:00:00.000,40056
40690,Dempster,2024-12-01T00:00:00.000,10808
40270,Main,2024-12-01T00:00:00.000,15583
40840,South Boulevard,2024-12-01T00:00:00.000,9264
40140,Dempster-Skokie,2024-12-01T00:00:00.000,18222
41680,Oakton-Skokie,2024-12-01T00:00:00.000,10287
40890,O'Hare Airport,2024-12-01T00:00:00.000,245898
40820,Rosemont,2024-12-01T00:00:00.000,91260
40230,Cumberland,2024-12-01T00:00:00.000,48724
40750,Harlem-O'Hare,2024-12-01T00:00:00.000,35122
41280,Jefferson Park,2024-12-01T00:00:00.000,109267
41330,Montrose-O'Hare,2024-12-01T00:00:00.000,38318
40550,Irving Park-O'Hare,2024-12-01T00:00:00.000,63078
41240,Addison-O'Hare,2024-12-01T00:00:00.000,40789
40060,Belmont-O'Hare,2024-12-01T00:00:00.000,81264
41020,Logan Square,2024-12-01T00:00:00.000,99859
40570,California/Milwaukee,2024-12-01T00:00:00.000,75712
40670,Western/Milwaukee,2024-12-01T00:00:00.000,76099
40590,Damen/Milwaukee,2024-12-01T00:00:00.000,95974
40320,Division/Milwaukee,2024-12-01T00:00:00.000,88802
41410,Chicago/Milwaukee,2024-12-01T00:00:00.000,61204
40490,Grand/Milwaukee,2024-12-01T00:00:00.000,50445
40370,Washington/Dearborn,2024-12-01T00:00:00.000,192141
40790,Monroe/Dearborn,2024-12-01T00:00:00.000,76514
40070,Jackson/Dearborn,2024-12-01T00:00:00.000,71156
41340,LaSalle,2024-12-01T00:00:00.000,35453
40430,Clinton-Forest Park,2024-12-01T00:00:00.000,44926
40350,UIC-Halsted,2024-12-01T00:00:00.000,62233
40470,Racine,2024-12-01T00:00:00.000,16139
40810,Medical Center,2024-12-01T00:00:00.000,29234
40220,Western-Forest Park,2024-12-01T00:00:00.000,13765
40250,Kedzie-Homan-Forest Park,2024-12-01T00:00:00.000,21432
40920,Pulaski-Forest Park,2024-12-01T00:00:00.000,16721
40970,Cicero-Forest Park,2024-12-01T00:00:00.000,14262
40010,Austin-Forest Park,2024-12-01T00:00:00.000,13951
40180,Oak Park-Forest Park,2024-12-01T00:00:00.000,11749
40980,Harlem-Forest Park,2024-12-01T00:00:00.000,8881
40390,Forest Park,2024-12-01T00:00:00.000,27090
41030,Polk,2024-12-01T00:00:00.000,44600
40830,18th,2024-12-01T00:00:00.000,30794
40210,Damen-Cermak,2024-12-01T00:00:00.000,26105
40740,Western-Cermak,2024-12-01T00:00:00.000,19163
40440,California-Cermak,2024-12-01T00:00:00.000,23977
41040,Kedzie-Cermak,2024-12-01T00:00:00.000,18999
40780,Central Park,2024-12-01T00:00:00.000,17920
40150,Pulaski-Cermak,2024-12-01T00:00:00.000,18278
40600,Kostner,2024-12-01T00:00:00.000,7323
40420,Cicero-Cermak,2024-12-01T00:00:00.000,20903
40580,54th/Cermak,2024-12-01T00:00:00.000,35439
40020,Harlem-Lake,2024-12-01T00:00:00.000,49145
41350,Oak Park-Lake,2024-12-01T00:00:00.000,17312
40610,Ridgeland,2024-12-01T00:00:00.000,15128
41260,Austin-Lake,2024-12-01T00:00:00.000,22557
40280,Central-Lake,2024-12-01T00:00:00.000,29545
40700,Laramie,2024-12-01T00:00:00.000,15233
40480,Cicero-Lake,2024-12-01T00:00:00.000,17502
40030,Pulaski-Lake,2024-12-01T00:00:00.000,21788
41670,Conservatory,2024-12-01T00:00:00.000,12908
41070,Kedzie-Lake,2024-12-01T00:00:00.000,16884
41360,California-Lake,2024-12-01T00:00:00.000,17059
41710,Damen-Lake,2024-12-01T00:00:00.000,19942
40170,Ashland-Lake,2024-12-01T00:00:00.000,36184
41510,Morgan-Lake,2024-12-01T00:00:00.000,82358
41160,Clinton-Lake,2024-12-01T00:00:00.000,54521
41690,Cermak-McCormick Place,2024-12-01T00:00:00.000,30645
41120,35-Bronzeville-IIT,2024-12-01T00:00:00.000,19694
40300,Indiana,2024-12-01T00:00:00.000,9536
41270,43rd,2024-12-01T00:00:00.000,12322
41080,47th-South Elevated,2024-12-01T00:00:00.000,14046
40130,51st,2024-12-01T00:00:00.000,13061
40510,Garfield-South Elevated,2024-12-01T00:00:00.000,16433
41140,King Drive,2024-12-01T00:00:00.000,6911
40720,East 63rd-Cottage Grove,2024-12-01T00:00:00.000,14581
40940,Halsted/63rd,2024-12-01T00:00:00.000,7747
40290,Ashland/63rd,2024-12-01T00:00:00.000,15793
41290,Kimball,2024-12-01T00:00:00.000,68147
41180,Kedzie-Brown,2024-12-01T00:00:00.000,32411
40870,Francisco,2024-12-01T00:00:00.000,21768
41010,Rockwell,2024-12-01T00:00:00.000,23339
41480,Western-Brown,2024-12-01T00:00:00.000,50615
40090,Damen-Brown,2024-12-01T00:00:00.000,36968
41500,Montrose-Brown,2024-12-01T00:00:00.000,32581
41460,Irving Park-Brown,2024-12-01T00:00:00.000,37565
41440,Addison-Brown,2024-12-01T00:00:00.000,28425
41310,Paulina,2024-12-01T00:00:00.000,37471
40360,Southport,2024-12-01T00:00:00.000,49862
41210,Wellington,2024-12-01T00:00:00.000,40043
40530,Diversey,2024-12-01T00:00:00.000,67849
40660,Armitage,2024-12-01T00:00:00.000,60307
40800,Sedgwick,2024-12-01T00:00:00.000,57152
40710,Chicago/Franklin,2024-12-01T00:00:00.000,88425
40460,Merchandise Mart,2024-12-01T00:00:00.000,84215
40930,Midway Airport,2024-12-01T00:00:00.000,115736
40960,Pulaski-Orange,2024-12-01T00:00:00.000,67652
41150,Kedzie-Midway,2024-12-01T00:00:00.000,50077
40310,Western-Orange,2024-12-01T00:00:00.000,54805
40120,35th/Archer,2024-12-01T00:00:00.000,38576
41060,Ashland-Orange,2024-12-01T00:00:00.000,25980
41130,Halsted-Orange,2024-12-01T00:00:00.000,34641
40730,Washington/Wells,2024-12-01T00:00:00.000,90506
40040,Quincy/Wells,2024-12-01T00:00:00.000,92492
40160,LaSalle/Van Buren,2024-12-01T00:00:00.000,34222
40850,Library,2024-12-01T00:00:00.000,42589
40680,Adams/Wabash,2024-12-01T00:00:00.000,81147
41700,Washington/Wabash,2024-12-01T00:00:00.000,151932
40260,State/Lake,2024-12-01T00:00:00.000,180109
40380,Clark/Lake,2024-12-01T00:00:00.000,221294
